{
  "type": "FeatureCollection",
  "features": [
    {
      "type": "Feature",
      "geometry": {
        "type": "Polygon",
        "coordinates": [
          [
            [
              -100.0,
              53.0
            ],
            [
              -100.0,
              90.0
            ],
            [
              180.0,
              90.0
            ],
            [
              180.0,
              53.0
            ],
            [
              -100.0,
              53.0
            ]
          ]
        ]
      },
      "properties": {
        "title": "TOPAZ5",
        "dataPolicy": "All generated data is freely available",
        "organization": [
          "Nansen Environmental and Remote Sensing Center",
          "Norwegian Meteorological Institute"
        ],
        "otherLinks": "https://github.com/nansencenter/NERSC-HYCOM-CICE",
        "numericalModel": "HYCOM - HYbrid Coordinate Ocean Model",
        "atmosphericModel": "ECMWF 1/8\u00ba",
        "oceanBasins": [
          "North-East Atlantic",
          "Arctic"
        ],
        "typeOfSystem": "Circulation",
        "applications": [
          "Navigation support",
          "Research",
          "Search and rescue",
          "Ship-routing"
        ],
        "variablesUsed": [
          "Atmospheric pressure",
          "Heat flow",
          "Variables to compute bulk heat flow formulation",
          "Wind",
          "Freshwater flow"
        ],
        "essentialOceanVariables": [
          "Currents",
          "Salinity",
          "Sea ice concentration",
          "Sea surface height (sea level)",
          "Temperature",
          "Ice thickness"
        ]
      }
    },
    {
      "type": "Feature",
      "geometry": {
        "type": "Polygon",
        "coordinates": [
          [
            [
              0.422823,
              40.4453
            ],
            [
              0.422823,
              40.9216
            ],
            [
              1.09804,
              40.9216
            ],
            [
              1.09804,
              40.4453
            ],
            [
              0.422823,
              40.4453
            ]
          ]
        ]
      },
      "properties": {
        "title": "e3HOPE Forecast System - Ebro Delta",
        "dataPolicy": "All or part of the data is available under some type of license that implies a cost or specific agreement",
        "organization": [
          "Nologin Oceanic Weather Systems"
        ],
        "otherLinks": "",
        "numericalModel": "ROMS - The Regional Ocean Modeling System",
        "atmosphericModel": null,
        "oceanBasins": [
          "Mediterranean and Black Seas"
        ],
        "typeOfSystem": "Circulation",
        "applications": [
          "Aquaculture",
          "Tourism",
          "Enviromental management",
          "Coastal Hazards",
          "Fisheries"
        ],
        "variablesUsed": [],
        "essentialOceanVariables": []
      }
    },
    {
      "type": "Feature",
      "geometry": {
        "type": "Polygon",
        "coordinates": [
          [
            [
              0.69719,
              40.7589
            ],
            [
              0.69719,
              40.8257
            ],
            [
              0.819628,
              40.8257
            ],
            [
              0.819628,
              40.7589
            ],
            [
              0.69719,
              40.7589
            ]
          ]
        ]
      },
      "properties": {
        "title": "e3HOPE Forecast System - Fangar Bay",
        "dataPolicy": "All or part of the data is available under some type of license that implies a cost or specific agreement",
        "organization": [
          "Nologin Oceanic Weather Systems"
        ],
        "otherLinks": "",
        "numericalModel": "ROMS - The Regional Ocean Modeling System",
        "atmosphericModel": null,
        "oceanBasins": [
          "Mediterranean and Black Seas"
        ],
        "typeOfSystem": "Circulation",
        "applications": [
          "Aquaculture",
          "Tourism",
          "Disaster risk reduction",
          "Enviromental management",
          "Coastal Hazards",
          "Fisheries"
        ],
        "variablesUsed": [],
        "essentialOceanVariables": []
      }
    },
    {
      "type": "Feature",
      "geometry": {
        "type": "Polygon",
        "coordinates": [
          [
            [
              -6.14767,
              30.2655
            ],
            [
              -6.14767,
              45.7862
            ],
            [
              36.20931,
              45.7862
            ],
            [
              36.20931,
              30.2655
            ],
            [
              -6.14767,
              30.2655
            ]
          ]
        ]
      },
      "properties": {
        "title": "Kassandra",
        "dataPolicy": "The data is not available to third parties",
        "organization": [
          "Institute of Marine Sciences of the National Research Council of Italy"
        ],
        "otherLinks": "",
        "numericalModel": "SHYFEM - System of HydrodYnamic Finite Element Modules",
        "atmosphericModel": null,
        "oceanBasins": [
          "Mediterranean and Black Seas"
        ],
        "typeOfSystem": "Sea level (storm surge)",
        "applications": [
          "Coastal Hazards",
          "Research"
        ],
        "variablesUsed": [],
        "essentialOceanVariables": []
      }
    },
    {
      "type": "Feature",
      "geometry": {
        "type": "Polygon",
        "coordinates": [
          [
            [
              27.463,
              40.9166
            ],
            [
              27.463,
              46.6491
            ],
            [
              41.7696,
              46.6491
            ],
            [
              41.7696,
              40.9166
            ],
            [
              27.463,
              40.9166
            ]
          ]
        ]
      },
      "properties": {
        "title": "Kassandra Black sea",
        "dataPolicy": "The data is not available to third parties",
        "organization": [
          "Institute of Marine Sciences of the National Research Council of Italy"
        ],
        "otherLinks": "",
        "numericalModel": "SHYFEM - System of HydrodYnamic Finite Element Modules",
        "atmosphericModel": "BOLAM",
        "oceanBasins": [
          "Mediterranean and Black Seas"
        ],
        "typeOfSystem": "Circulation",
        "applications": [
          "Coastal Hazards",
          "Research"
        ],
        "variablesUsed": [
          "Atmospheric pressure",
          "Wind"
        ],
        "essentialOceanVariables": []
      }
    },
    {
      "type": "Feature",
      "geometry": {
        "type": "Polygon",
        "coordinates": [
          [
            [
              12.0,
              39.0
            ],
            [
              12.0,
              46.0
            ],
            [
              21.0,
              46.0
            ],
            [
              21.0,
              39.0
            ],
            [
              12.0,
              39.0
            ]
          ]
        ]
      },
      "properties": {
        "title": "NEMO_Storm_Surge",
        "dataPolicy": "All or part of the data is available under some type of license that implies a cost or specific agreement",
        "organization": [
          "Slovenian Environment Agency"
        ],
        "otherLinks": "",
        "numericalModel": "NEMO - Nucleus for European Modelling of the Ocean",
        "atmosphericModel": null,
        "oceanBasins": [
          "Mediterranean and Black Seas"
        ],
        "typeOfSystem": "Circulation",
        "applications": [
          "Coastal Hazards",
          "Oil spill fight",
          "Port Management",
          "Research",
          "Search and rescue"
        ],
        "variablesUsed": [],
        "essentialOceanVariables": []
      }
    },
    {
      "type": "Feature",
      "geometry": {
        "type": "Polygon",
        "coordinates": [
          [
            [
              13.73,
              45.55
            ],
            [
              13.73,
              45.55
            ],
            [
              13.73,
              45.55
            ],
            [
              13.73,
              45.55
            ],
            [
              13.73,
              45.55
            ]
          ]
        ]
      },
      "properties": {
        "title": "HIDRA",
        "dataPolicy": "All or part of the data is available under some type of license that implies a cost or specific agreement",
        "organization": [
          "Slovenian Environment Agency"
        ],
        "otherLinks": "",
        "numericalModel": "Deep Learning",
        "atmosphericModel": null,
        "oceanBasins": [
          "Mediterranean and Black Seas"
        ],
        "typeOfSystem": "Sea level (storm surge)",
        "applications": [
          "Coastal Hazards"
        ],
        "variablesUsed": [],
        "essentialOceanVariables": []
      }
    },
    {
      "type": "Feature",
      "geometry": {
        "type": "Polygon",
        "coordinates": [
          [
            [
              10.0,
              30.0
            ],
            [
              10.0,
              46.0
            ],
            [
              24.0,
              46.0
            ],
            [
              24.0,
              30.0
            ],
            [
              10.0,
              30.0
            ]
          ]
        ]
      },
      "properties": {
        "title": "WAMADR",
        "dataPolicy": "All or part of the data is available under some type of license that implies a cost or specific agreement",
        "organization": [
          "Slovenian Environment Agency"
        ],
        "otherLinks": "",
        "numericalModel": "WAM - Wave model",
        "atmosphericModel": null,
        "oceanBasins": [
          "Mediterranean and Black Seas"
        ],
        "typeOfSystem": "Waves",
        "applications": [
          "Coastal Hazards"
        ],
        "variablesUsed": [],
        "essentialOceanVariables": []
      }
    },
    {
      "type": "Feature",
      "geometry": {
        "type": "Polygon",
        "coordinates": [
          [
            [
              22.705,
              33.507
            ],
            [
              22.705,
              36.796
            ],
            [
              27.798,
              36.796
            ],
            [
              27.798,
              33.507
            ],
            [
              22.705,
              33.507
            ]
          ]
        ]
      },
      "properties": {
        "title": "Coastal Crete",
        "dataPolicy": "All or part of the data is available under some type of license that implies a cost or specific agreement",
        "organization": [
          "Foundation for Research and Technology-Hellas"
        ],
        "otherLinks": "",
        "numericalModel": "NEMO - Nucleus for European Modelling of the Ocean",
        "atmosphericModel": null,
        "oceanBasins": [
          "Mediterranean and Black Seas"
        ],
        "typeOfSystem": "Circulation",
        "applications": [
          "Oil spill fight"
        ],
        "variablesUsed": [],
        "essentialOceanVariables": []
      }
    },
    {
      "type": "Feature",
      "geometry": {
        "type": "Polygon",
        "coordinates": [
          [
            [
              20.0,
              30.7
            ],
            [
              20.0,
              41.2
            ],
            [
              36.205,
              41.2
            ],
            [
              36.205,
              30.7
            ],
            [
              20.0,
              30.7
            ]
          ]
        ]
      },
      "properties": {
        "title": "CYCOFOS - Cyprus coastal ocean forecasting and observing system",
        "dataPolicy": "All or part of the data is available under some type of license that implies a cost or specific agreement",
        "organization": [
          "ORION Research, Nicosia, Cyprus"
        ],
        "otherLinks": "",
        "numericalModel": "POM - Princeton Ocean Model",
        "atmosphericModel": null,
        "oceanBasins": [
          "Mediterranean and Black Seas"
        ],
        "typeOfSystem": "Circulation",
        "applications": [
          "Oil spill fight",
          "Research",
          "Search and rescue"
        ],
        "variablesUsed": [],
        "essentialOceanVariables": []
      }
    },
    {
      "type": "Feature",
      "geometry": {
        "type": "Polygon",
        "coordinates": [
          [
            [
              -6.0,
              29.0
            ],
            [
              -6.0,
              47.0
            ],
            [
              41.7,
              47.0
            ],
            [
              41.7,
              29.0
            ],
            [
              -6.0,
              29.0
            ]
          ]
        ]
      },
      "properties": {
        "title": "CYCOFOS - Cyprus coastal ocean forecasting and observing system",
        "dataPolicy": "All or part of the data is available under some type of license that implies a cost or specific agreement",
        "organization": [
          "ORION Research, Nicosia, Cyprus"
        ],
        "otherLinks": "",
        "numericalModel": "WAM - Wave model",
        "atmosphericModel": null,
        "oceanBasins": [
          "Mediterranean and Black Seas"
        ],
        "typeOfSystem": "Waves",
        "applications": [
          "Coastal Hazards",
          "Offshore energy",
          "Oil spill fight",
          "Search and rescue"
        ],
        "variablesUsed": [],
        "essentialOceanVariables": []
      }
    },
    {
      "type": "Feature",
      "geometry": {
        "type": "Polygon",
        "coordinates": [
          [
            [
              -16.0,
              46.0
            ],
            [
              -16.0,
              61.28
            ],
            [
              9.98,
              61.28
            ],
            [
              9.98,
              46.0
            ],
            [
              -16.0,
              46.0
            ]
          ]
        ]
      },
      "properties": {
        "title": " Atlantic - European North West Shelf - Ocean Biogeochemistry Analysis and Forecast",
        "dataPolicy": "All generated data is freely available",
        "organization": [
          "Nologin Oceanic Weather Systems"
        ],
        "otherLinks": "",
        "numericalModel": "Biogeochemical models",
        "atmosphericModel": null,
        "oceanBasins": [
          "North-East Atlantic"
        ],
        "typeOfSystem": "Biogeochemical",
        "applications": [
          "Aquaculture",
          "Harmful Algae Bloom",
          "Tourism"
        ],
        "variablesUsed": [],
        "essentialOceanVariables": []
      }
    },
    {
      "type": "Feature",
      "geometry": {
        "type": "Polygon",
        "coordinates": [
          [
            [
              -17.29,
              30.18
            ],
            [
              -17.29,
              45.98
            ],
            [
              36.3,
              45.98
            ],
            [
              36.3,
              30.18
            ],
            [
              -17.29,
              30.18
            ]
          ]
        ]
      },
      "properties": {
        "title": "MedFS",
        "dataPolicy": "All generated data is freely available",
        "organization": [
          "CMCC"
        ],
        "otherLinks": "",
        "numericalModel": "NEMO - Nucleus for European Modelling of the Ocean",
        "atmosphericModel": "HRES",
        "oceanBasins": [
          "Mediterranean and Black Seas"
        ],
        "typeOfSystem": "Circulation",
        "applications": [
          "Aquaculture",
          "Coastal Hazards",
          "Fisheries",
          "Harmful Algae Bloom",
          "Navigation support",
          "Offshore energy",
          "Oil spill fight",
          "Port Management",
          "Recreational navigation",
          "Research",
          "Search and rescue",
          "Ship-routing",
          "Tourism"
        ],
        "variablesUsed": [
          "Atmospheric pressure",
          "Variables to compute bulk heat flow formulation",
          "Wind"
        ],
        "essentialOceanVariables": [
          "Salinity",
          "Sea surface height (sea level)",
          "Temperature"
        ]
      }
    },
    {
      "type": "Feature",
      "geometry": {
        "type": "Polygon",
        "coordinates": [
          [
            [
              -9.0,
              30.0
            ],
            [
              -9.0,
              46.0
            ],
            [
              37.0,
              46.0
            ],
            [
              37.0,
              30.0
            ],
            [
              -9.0,
              30.0
            ]
          ]
        ]
      },
      "properties": {
        "title": "MedBFM",
        "dataPolicy": "All generated data is freely available",
        "organization": [
          "National Institute of Oceanography and Applied Geophysics"
        ],
        "otherLinks": "",
        "numericalModel": "BFM - Biogeochemical Flux Model",
        "atmosphericModel": null,
        "oceanBasins": [
          "Mediterranean and Black Seas"
        ],
        "typeOfSystem": "Biogeochemical",
        "applications": [
          "Aquaculture",
          "Fisheries",
          "Research"
        ],
        "variablesUsed": [
          "Wind"
        ],
        "essentialOceanVariables": []
      }
    },
    {
      "type": "Feature",
      "geometry": {
        "type": "Polygon",
        "coordinates": [
          [
            [
              -98.0,
              -79.5
            ],
            [
              -98.0,
              50.3
            ],
            [
              45.0,
              50.3
            ],
            [
              45.0,
              -79.5
            ],
            [
              -98.0,
              -79.5
            ]
          ]
        ]
      },
      "properties": {
        "title": "HYCOM-1/24-CHM",
        "dataPolicy": "All or part of the data is available under some type of license that implies a cost or specific agreement",
        "organization": [
          "Centro de Hidrografia da Marinha do Brasil"
        ],
        "otherLinks": "",
        "numericalModel": "HYCOM - HYbrid Coordinate Ocean Model",
        "atmosphericModel": "GFS",
        "oceanBasins": [
          "South and central America"
        ],
        "typeOfSystem": "Circulation",
        "applications": [
          "Coastal Hazards",
          "Navigation support",
          "Oil spill fight",
          "Recreational navigation",
          "Search and rescue",
          "Ship-routing"
        ],
        "variablesUsed": [
          "Wind"
        ],
        "essentialOceanVariables": [
          "Sea surface height (sea level)",
          "Temperature"
        ]
      }
    },
    {
      "type": "Feature",
      "geometry": {
        "type": "Polygon",
        "coordinates": [
          [
            [
              -68.0,
              -45.2
            ],
            [
              -68.0,
              10.2
            ],
            [
              -24.0,
              10.2
            ],
            [
              -24.0,
              -45.2
            ],
            [
              -68.0,
              -45.2
            ]
          ]
        ]
      },
      "properties": {
        "title": "HYCOM-1/24-CHM",
        "dataPolicy": "All or part of the data is available under some type of license that implies a cost or specific agreement",
        "organization": [
          "Centro de Hidrografia da Marinha do Brasil"
        ],
        "otherLinks": "",
        "numericalModel": "HYCOM - HYbrid Coordinate Ocean Model",
        "atmosphericModel": "ICON",
        "oceanBasins": [
          "South and central America"
        ],
        "typeOfSystem": "Circulation",
        "applications": [
          "Navigation support",
          "Oil spill fight",
          "Recreational navigation",
          "Search and rescue",
          "Ship-routing"
        ],
        "variablesUsed": [
          "Wind"
        ],
        "essentialOceanVariables": [
          "Sea surface height (sea level)",
          "Temperature"
        ]
      }
    },
    {
      "type": "Feature",
      "geometry": {
        "type": "Polygon",
        "coordinates": [
          [
            [
              -59.75,
              -5.0
            ],
            [
              -59.75,
              67.0
            ],
            [
              37.0,
              67.0
            ],
            [
              37.0,
              -5.0
            ],
            [
              -59.75,
              -5.0
            ]
          ]
        ]
      },
      "properties": {
        "title": "ATLMED",
        "dataPolicy": "All generated data is freely available",
        "organization": [
          "Puertos del Estado"
        ],
        "otherLinks": "",
        "numericalModel": "WAM - Wave model",
        "atmosphericModel": "ECMWF EPS",
        "oceanBasins": [
          "Mediterranean and Black Seas",
          "North-East Atlantic"
        ],
        "typeOfSystem": "Waves",
        "applications": [
          "Coastal Hazards",
          "Research"
        ],
        "variablesUsed": [
          "Wind"
        ],
        "essentialOceanVariables": []
      }
    },
    {
      "type": "Feature",
      "geometry": {
        "type": "Polygon",
        "coordinates": [
          [
            [
              -89.0,
              -3.0
            ],
            [
              -89.0,
              21.0
            ],
            [
              -57.0,
              21.0
            ],
            [
              -57.0,
              -3.0
            ],
            [
              -89.0,
              -3.0
            ]
          ]
        ]
      },
      "properties": {
        "title": "SIPSEM",
        "dataPolicy": "The data is not available to third parties",
        "organization": [
          "Directorate General of Maritime "
        ],
        "otherLinks": "",
        "numericalModel": "CROCO - Coastal and Regional Ocean COmmunity Model",
        "atmosphericModel": "GFS",
        "oceanBasins": [
          "South and central America"
        ],
        "typeOfSystem": "Circulation",
        "applications": [
          "Coastal Hazards",
          "Fisheries",
          "Oil spill fight",
          "Search and rescue",
          "Ship-routing"
        ],
        "variablesUsed": [
          "Atmospheric pressure",
          "Heat flow",
          "Wind"
        ],
        "essentialOceanVariables": []
      }
    },
    {
      "type": "Feature",
      "geometry": {
        "type": "Polygon",
        "coordinates": [
          [
            [
              13.402,
              45.476
            ],
            [
              13.402,
              45.804
            ],
            [
              13.803,
              45.804
            ],
            [
              13.803,
              45.476
            ],
            [
              13.402,
              45.476
            ]
          ]
        ]
      },
      "properties": {
        "title": "Delft3D_TSGulf",
        "dataPolicy": "All or part of the data is available under some type of license that implies a cost or specific agreement",
        "organization": [
          "National Institute of Biology "
        ],
        "otherLinks": "",
        "numericalModel": "Delft3D",
        "atmosphericModel": "ALADIN SI",
        "oceanBasins": [
          "Mediterranean and Black Seas"
        ],
        "typeOfSystem": "Circulation",
        "applications": [
          "Coastal Hazards",
          "Navigation support",
          "Oil spill fight",
          "Port Management",
          "Research",
          "Search and rescue",
          "Ship-routing"
        ],
        "variablesUsed": [
          "Atmospheric pressure",
          "Freshwater flow",
          "Wind"
        ],
        "essentialOceanVariables": []
      }
    },
    {
      "type": "Feature",
      "geometry": {
        "type": "Polygon",
        "coordinates": [
          [
            [
              -20.5,
              25.0
            ],
            [
              -20.5,
              56.0
            ],
            [
              10.5,
              56.0
            ],
            [
              10.5,
              25.0
            ],
            [
              -20.5,
              25.0
            ]
          ]
        ]
      },
      "properties": {
        "title": "Waves Puertos at IBI",
        "dataPolicy": "All generated data is freely available",
        "organization": [
          "Puertos del Estado"
        ],
        "otherLinks": "",
        "numericalModel": "WAM - Wave model",
        "atmosphericModel": "ECMWF EPS",
        "oceanBasins": [
          "Mediterranean and Black Seas",
          "North-East Atlantic"
        ],
        "typeOfSystem": "Waves",
        "applications": [
          "Coastal Hazards",
          "Research"
        ],
        "variablesUsed": [
          "Wind"
        ],
        "essentialOceanVariables": []
      }
    },
    {
      "type": "Feature",
      "geometry": {
        "type": "Polygon",
        "coordinates": [
          [
            [
              -12.5,
              32.75
            ],
            [
              -12.5,
              48.0
            ],
            [
              9.0,
              48.0
            ],
            [
              9.0,
              32.75
            ],
            [
              -12.5,
              32.75
            ]
          ]
        ]
      },
      "properties": {
        "title": "AIB (Peninsula and Balearic Islands)",
        "dataPolicy": "All generated data is freely available",
        "organization": [
          "Puertos del Estado"
        ],
        "otherLinks": "",
        "numericalModel": "WAM - Wave model",
        "atmosphericModel": "HARMONIE-AROME",
        "oceanBasins": [
          "Mediterranean and Black Seas",
          "North-East Atlantic"
        ],
        "typeOfSystem": "Waves",
        "applications": [
          "Coastal Hazards",
          "Research"
        ],
        "variablesUsed": [
          "Wind"
        ],
        "essentialOceanVariables": []
      }
    },
    {
      "type": "Feature",
      "geometry": {
        "type": "Polygon",
        "coordinates": [
          [
            [
              -7.4167,
              37.199
            ],
            [
              -7.4167,
              35.0
            ],
            [
              -2.9945,
              35.0
            ],
            [
              -2.9945,
              37.199
            ],
            [
              -7.4167,
              37.199
            ]
          ]
        ]
      },
      "properties": {
        "title": "SAMPA REG (Gibraltar) ",
        "dataPolicy": "All generated data is freely available",
        "organization": [
          "Puertos del Estado"
        ],
        "otherLinks": "",
        "numericalModel": "MITgcm - M.I.T. General Circulation Model",
        "atmosphericModel": "HARMONIE-AROME",
        "oceanBasins": [
          "Mediterranean and Black Seas"
        ],
        "typeOfSystem": "Circulation",
        "applications": [
          "Oil spill fight",
          "Research"
        ],
        "variablesUsed": [
          "Wind"
        ],
        "essentialOceanVariables": []
      }
    },
    {
      "type": "Feature",
      "geometry": {
        "type": "Polygon",
        "coordinates": [
          [
            [
              -6.2,
              35.6
            ],
            [
              -6.2,
              36.2
            ],
            [
              -5.1,
              36.2
            ],
            [
              -5.1,
              35.6
            ],
            [
              -6.2,
              35.6
            ]
          ]
        ]
      },
      "properties": {
        "title": "GIB (Peninsula and Balearic Islands)",
        "dataPolicy": "All generated data is freely available",
        "organization": [
          "Puertos del Estado"
        ],
        "otherLinks": "",
        "numericalModel": "WAM - Wave model",
        "atmosphericModel": "HARMONIE-AROME",
        "oceanBasins": [
          "Mediterranean and Black Seas",
          "North-East Atlantic"
        ],
        "typeOfSystem": "Waves",
        "applications": [
          "Coastal Hazards",
          "Research"
        ],
        "variablesUsed": [
          "Wind"
        ],
        "essentialOceanVariables": []
      }
    },
    {
      "type": "Feature",
      "geometry": {
        "type": "Polygon",
        "coordinates": [
          [
            [
              0.3,
              38.2
            ],
            [
              0.3,
              40.4
            ],
            [
              4.7,
              40.4
            ],
            [
              4.7,
              38.2
            ],
            [
              0.3,
              38.2
            ]
          ]
        ]
      },
      "properties": {
        "title": "BAL (Baleares)",
        "dataPolicy": "All generated data is freely available",
        "organization": [
          "Puertos del Estado"
        ],
        "otherLinks": "",
        "numericalModel": "WAM - Wave model",
        "atmosphericModel": "HARMONIE-AROME",
        "oceanBasins": [
          "Mediterranean and Black Seas"
        ],
        "typeOfSystem": "Waves",
        "applications": [
          "Coastal Hazards",
          "Research"
        ],
        "variablesUsed": [
          "Wind"
        ],
        "essentialOceanVariables": []
      }
    },
    {
      "type": "Feature",
      "geometry": {
        "type": "Polygon",
        "coordinates": [
          [
            [
              -19.0,
              26.5
            ],
            [
              -19.0,
              30.0
            ],
            [
              -12.5,
              30.0
            ],
            [
              -12.5,
              26.5
            ],
            [
              -19.0,
              26.5
            ]
          ]
        ]
      },
      "properties": {
        "title": "CAN (Canarias)",
        "dataPolicy": "All generated data is freely available",
        "organization": [
          "Puertos del Estado"
        ],
        "otherLinks": "",
        "numericalModel": "WAM - Wave model",
        "atmosphericModel": "HARMONIE-AROME",
        "oceanBasins": [
          "North-East Atlantic"
        ],
        "typeOfSystem": "Waves",
        "applications": [
          "Coastal Hazards",
          "Research"
        ],
        "variablesUsed": [
          "Wind"
        ],
        "essentialOceanVariables": []
      }
    },
    {
      "type": "Feature",
      "geometry": {
        "type": "Polygon",
        "coordinates": [
          [
            [
              -9.5,
              42.0
            ],
            [
              -9.5,
              43.1
            ],
            [
              -8.5,
              43.1
            ],
            [
              -8.5,
              42.0
            ],
            [
              -9.5,
              42.0
            ]
          ]
        ]
      },
      "properties": {
        "title": "RBAI (Rias Baixas)",
        "dataPolicy": "All generated data is freely available",
        "organization": [
          "Puertos del Estado"
        ],
        "otherLinks": "",
        "numericalModel": "SWAN - Simulating WAves Nearshore",
        "atmosphericModel": "HARMONIE-AROME",
        "oceanBasins": [
          "North-East Atlantic"
        ],
        "typeOfSystem": "Waves",
        "applications": [
          "Coastal Hazards",
          "Research"
        ],
        "variablesUsed": [],
        "essentialOceanVariables": []
      }
    },
    {
      "type": "Feature",
      "geometry": {
        "type": "Polygon",
        "coordinates": [
          [
            [
              -6.2,
              43.5
            ],
            [
              -6.2,
              44.0
            ],
            [
              -5.5,
              44.0
            ],
            [
              -5.5,
              43.5
            ],
            [
              -6.2,
              43.5
            ]
          ]
        ]
      },
      "properties": {
        "title": "SAPO - Asturias",
        "dataPolicy": "All generated data is freely available",
        "organization": [
          "Puertos del Estado"
        ],
        "otherLinks": "",
        "numericalModel": "SWAN - Simulating WAves Nearshore",
        "atmosphericModel": "HARMONIE-AROME",
        "oceanBasins": [
          "North-East Atlantic"
        ],
        "typeOfSystem": "Waves",
        "applications": [
          "Coastal Hazards"
        ],
        "variablesUsed": [],
        "essentialOceanVariables": []
      }
    },
    {
      "type": "Feature",
      "geometry": {
        "type": "Polygon",
        "coordinates": [
          [
            [
              -6.0,
              43.5
            ],
            [
              -6.0,
              43.8
            ],
            [
              -5.5,
              43.8
            ],
            [
              -5.5,
              43.5
            ],
            [
              -6.0,
              43.5
            ]
          ]
        ]
      },
      "properties": {
        "title": "SAPO - Gijon",
        "dataPolicy": "All generated data is freely available",
        "organization": [
          "Puertos del Estado"
        ],
        "otherLinks": "",
        "numericalModel": "SWAN - Simulating WAves Nearshore",
        "atmosphericModel": "HARMONIE-AROME",
        "oceanBasins": [
          "North-East Atlantic"
        ],
        "typeOfSystem": "Waves",
        "applications": [
          "Coastal Hazards"
        ],
        "variablesUsed": [],
        "essentialOceanVariables": []
      }
    },
    {
      "type": "Feature",
      "geometry": {
        "type": "Polygon",
        "coordinates": [
          [
            [
              2.1,
              41.2
            ],
            [
              2.1,
              41.6
            ],
            [
              2.4,
              41.6
            ],
            [
              2.4,
              41.2
            ],
            [
              2.1,
              41.2
            ]
          ]
        ]
      },
      "properties": {
        "title": "SAPO - Barcelona",
        "dataPolicy": "All generated data is freely available",
        "organization": [
          "Puertos del Estado"
        ],
        "otherLinks": "",
        "numericalModel": "SWAN - Simulating WAves Nearshore",
        "atmosphericModel": "HARMONIE-AROME",
        "oceanBasins": [
          "Mediterranean and Black Seas"
        ],
        "typeOfSystem": "Waves",
        "applications": [
          "Coastal Hazards"
        ],
        "variablesUsed": [],
        "essentialOceanVariables": []
      }
    },
    {
      "type": "Feature",
      "geometry": {
        "type": "Polygon",
        "coordinates": [
          [
            [
              -1.3,
              37.4
            ],
            [
              -1.3,
              38.5
            ],
            [
              -0.3,
              38.5
            ],
            [
              -0.3,
              37.4
            ],
            [
              -1.3,
              37.4
            ]
          ]
        ]
      },
      "properties": {
        "title": "SAPO - Cartagena (coarse)",
        "dataPolicy": "All generated data is freely available",
        "organization": [
          "Puertos del Estado"
        ],
        "otherLinks": "",
        "numericalModel": "SWAN - Simulating WAves Nearshore",
        "atmosphericModel": "HARMONIE-AROME",
        "oceanBasins": [
          "Mediterranean and Black Seas"
        ],
        "typeOfSystem": "Waves",
        "applications": [
          "Coastal Hazards"
        ],
        "variablesUsed": [],
        "essentialOceanVariables": []
      }
    },
    {
      "type": "Feature",
      "geometry": {
        "type": "Polygon",
        "coordinates": [
          [
            [
              -1.2,
              37.4
            ],
            [
              -1.2,
              37.7
            ],
            [
              -0.8,
              37.7
            ],
            [
              -0.8,
              37.4
            ],
            [
              -1.2,
              37.4
            ]
          ]
        ]
      },
      "properties": {
        "title": "SAPO - Cartagena",
        "dataPolicy": "All generated data is freely available",
        "organization": [
          "Puertos del Estado"
        ],
        "otherLinks": "",
        "numericalModel": "SWAN - Simulating WAves Nearshore",
        "atmosphericModel": "HARMONIE-AROME",
        "oceanBasins": [
          "Mediterranean and Black Seas"
        ],
        "typeOfSystem": "Waves",
        "applications": [
          "Coastal Hazards",
          "Port Management"
        ],
        "variablesUsed": [],
        "essentialOceanVariables": []
      }
    },
    {
      "type": "Feature",
      "geometry": {
        "type": "Polygon",
        "coordinates": [
          [
            [
              -8.7,
              43.3
            ],
            [
              -8.7,
              43.6
            ],
            [
              -8.1,
              43.6
            ],
            [
              -8.1,
              43.3
            ],
            [
              -8.7,
              43.3
            ]
          ]
        ]
      },
      "properties": {
        "title": "SAPO - Ferrol (coarse)",
        "dataPolicy": "All generated data is freely available",
        "organization": [
          "Puertos del Estado"
        ],
        "otherLinks": "",
        "numericalModel": "SWAN - Simulating WAves Nearshore",
        "atmosphericModel": "HARMONIE-AROME",
        "oceanBasins": [
          "North-East Atlantic"
        ],
        "typeOfSystem": "Waves",
        "applications": [
          "Coastal Hazards"
        ],
        "variablesUsed": [],
        "essentialOceanVariables": []
      }
    },
    {
      "type": "Feature",
      "geometry": {
        "type": "Polygon",
        "coordinates": [
          [
            [
              -8.5,
              43.4
            ],
            [
              -8.5,
              43.5
            ],
            [
              -8.2,
              43.5
            ],
            [
              -8.2,
              43.4
            ],
            [
              -8.5,
              43.4
            ]
          ]
        ]
      },
      "properties": {
        "title": "SAPO - Ferrol",
        "dataPolicy": "All generated data is freely available",
        "organization": [
          "Puertos del Estado"
        ],
        "otherLinks": "",
        "numericalModel": "SWAN - Simulating WAves Nearshore",
        "atmosphericModel": "HARMONIE-AROME",
        "oceanBasins": [
          "North-East Atlantic"
        ],
        "typeOfSystem": "Waves",
        "applications": [
          "Coastal Hazards",
          "Port Management"
        ],
        "variablesUsed": [],
        "essentialOceanVariables": []
      }
    },
    {
      "type": "Feature",
      "geometry": {
        "type": "Polygon",
        "coordinates": [
          [
            [
              -9.0,
              54.4
            ],
            [
              -9.0,
              59.5
            ],
            [
              -4.5,
              59.5
            ],
            [
              -4.5,
              54.4
            ],
            [
              -9.0,
              54.4
            ]
          ]
        ]
      },
      "properties": {
        "title": "WeStCOMS",
        "dataPolicy": "All generated data is freely available",
        "organization": [
          "Scottish Association for Marine Science"
        ],
        "otherLinks": "https://github.com/dmitryale/fvcom-toolbox",
        "numericalModel": "FVCOM - Finite Volume Community Ocean Model",
        "atmosphericModel": "WRF",
        "oceanBasins": [
          "North-East Atlantic"
        ],
        "typeOfSystem": "Circulation",
        "applications": [
          "Aquaculture",
          "Coastal Hazards",
          "Harmful Algae Bloom",
          "Research"
        ],
        "variablesUsed": [
          "Atmospheric pressure",
          "Freshwater flow",
          "Heat flow",
          "Variables to compute bulk heat flow formulation",
          "Wind"
        ],
        "essentialOceanVariables": []
      }
    },
    {
      "type": "Feature",
      "geometry": {
        "type": "Polygon",
        "coordinates": [
          [
            [
              -0.4,
              38.7
            ],
            [
              -0.4,
              39.8
            ],
            [
              0.2,
              39.8
            ],
            [
              0.2,
              38.7
            ],
            [
              -0.4,
              38.7
            ]
          ]
        ]
      },
      "properties": {
        "title": "SAPO - Valencia (coarse)",
        "dataPolicy": "All generated data is freely available",
        "organization": [
          "Puertos del Estado"
        ],
        "otherLinks": "",
        "numericalModel": "SWAN - Simulating WAves Nearshore",
        "atmosphericModel": "HARMONIE-AROME",
        "oceanBasins": [
          "Mediterranean and Black Seas"
        ],
        "typeOfSystem": "Waves",
        "applications": [
          "Coastal Hazards"
        ],
        "variablesUsed": [
          "Wind"
        ],
        "essentialOceanVariables": []
      }
    },
    {
      "type": "Feature",
      "geometry": {
        "type": "Polygon",
        "coordinates": [
          [
            [
              -0.4,
              39.3
            ],
            [
              -0.4,
              39.6
            ],
            [
              -0.1,
              39.6
            ],
            [
              -0.1,
              39.3
            ],
            [
              -0.4,
              39.3
            ]
          ]
        ]
      },
      "properties": {
        "title": "SAPO - Valencia",
        "dataPolicy": "All generated data is freely available",
        "organization": [
          "Puertos del Estado"
        ],
        "otherLinks": "",
        "numericalModel": "SWAN - Simulating WAves Nearshore",
        "atmosphericModel": "HARMONIE-AROME",
        "oceanBasins": [
          "Mediterranean and Black Seas"
        ],
        "typeOfSystem": "Waves",
        "applications": [
          "Coastal Hazards"
        ],
        "variablesUsed": [
          "Wind"
        ],
        "essentialOceanVariables": []
      }
    },
    {
      "type": "Feature",
      "geometry": {
        "type": "Polygon",
        "coordinates": [
          [
            [
              -2.9,
              36.4
            ],
            [
              -2.9,
              37.2
            ],
            [
              -1.5,
              37.2
            ],
            [
              -1.5,
              36.4
            ],
            [
              -2.9,
              36.4
            ]
          ]
        ]
      },
      "properties": {
        "title": "SAPO - Almeria (coarse)",
        "dataPolicy": "All generated data is freely available",
        "organization": [
          "Puertos del Estado"
        ],
        "otherLinks": "",
        "numericalModel": "SWAN - Simulating WAves Nearshore",
        "atmosphericModel": "HARMONIE-AROME",
        "oceanBasins": [
          "Mediterranean and Black Seas"
        ],
        "typeOfSystem": "Waves",
        "applications": [
          "Coastal Hazards"
        ],
        "variablesUsed": [
          "Wind"
        ],
        "essentialOceanVariables": []
      }
    },
    {
      "type": "Feature",
      "geometry": {
        "type": "Polygon",
        "coordinates": [
          [
            [
              -6.1,
              43.5
            ],
            [
              -6.1,
              43.8
            ],
            [
              -5.8,
              43.8
            ],
            [
              -5.8,
              43.5
            ],
            [
              -6.1,
              43.5
            ]
          ]
        ]
      },
      "properties": {
        "title": "SAPO - Aviles",
        "dataPolicy": "All generated data is freely available",
        "organization": [
          "Puertos del Estado"
        ],
        "otherLinks": "",
        "numericalModel": "SWAN - Simulating WAves Nearshore",
        "atmosphericModel": "HARMONIE-AROME",
        "oceanBasins": [
          "North-East Atlantic"
        ],
        "typeOfSystem": "Waves",
        "applications": [
          "Coastal Hazards"
        ],
        "variablesUsed": [
          "Wind"
        ],
        "essentialOceanVariables": []
      }
    },
    {
      "type": "Feature",
      "geometry": {
        "type": "Polygon",
        "coordinates": [
          [
            [
              -16.33,
              28.3
            ],
            [
              -16.33,
              28.54
            ],
            [
              -16.08,
              28.54
            ],
            [
              -16.08,
              28.3
            ],
            [
              -16.33,
              28.3
            ]
          ]
        ]
      },
      "properties": {
        "title": "SAPO - S. C. de Tenerife",
        "dataPolicy": "All generated data is freely available",
        "organization": [
          "Puertos del Estado"
        ],
        "otherLinks": "",
        "numericalModel": "SWAN - Simulating WAves Nearshore",
        "atmosphericModel": "HARMONIE-AROME",
        "oceanBasins": [
          "North-East Atlantic"
        ],
        "typeOfSystem": "Waves",
        "applications": [
          "Coastal Hazards"
        ],
        "variablesUsed": [
          "Wind"
        ],
        "essentialOceanVariables": []
      }
    },
    {
      "type": "Feature",
      "geometry": {
        "type": "Polygon",
        "coordinates": [
          [
            [
              0.0,
              0.0
            ],
            [
              0.0,
              0.0
            ],
            [
              0.0,
              0.0
            ],
            [
              0.0,
              0.0
            ],
            [
              0.0,
              0.0
            ]
          ]
        ]
      },
      "properties": {
        "title": "SC - PR Coast",
        "dataPolicy": "All generated data is freely available",
        "organization": [
          "Empresa de Pesquisa Agropecu\u00e1ria e Extens\u00e3o Rural de Santa Catarina"
        ],
        "otherLinks": "",
        "numericalModel": "MOHID - MOdelo HIDrodin\u00e2mico",
        "atmosphericModel": null,
        "oceanBasins": [
          "South and central America"
        ],
        "typeOfSystem": "Circulation",
        "applications": [
          "Aquaculture",
          "Navigation support",
          "Research"
        ],
        "variablesUsed": [],
        "essentialOceanVariables": []
      }
    },
    {
      "type": "Feature",
      "geometry": {
        "type": "Polygon",
        "coordinates": [
          [
            [
              -48.1,
              -27.9
            ],
            [
              -48.1,
              -27.15
            ],
            [
              -48.65,
              -27.15
            ],
            [
              -48.65,
              -27.9
            ],
            [
              -48.1,
              -27.9
            ]
          ]
        ]
      },
      "properties": {
        "title": "Santa Catarina Island Bay",
        "dataPolicy": "All generated data is freely available",
        "organization": [
          "Empresa de Pesquisa Agropecu\u00e1ria e Extens\u00e3o Rural de Santa Catarina"
        ],
        "otherLinks": "",
        "numericalModel": "MOHID - MOdelo HIDrodin\u00e2mico",
        "atmosphericModel": "WRF",
        "oceanBasins": [
          "South and central America"
        ],
        "typeOfSystem": "Biogeochemical",
        "applications": [
          "Aquaculture",
          "Navigation support",
          "Recreational navigation"
        ],
        "variablesUsed": [
          "Atmospheric pressure",
          "Heat flow",
          "Wind"
        ],
        "essentialOceanVariables": []
      }
    },
    {
      "type": "Feature",
      "geometry": {
        "type": "Polygon",
        "coordinates": [
          [
            [
              0.0,
              0.0
            ],
            [
              0.0,
              0.0
            ],
            [
              0.0,
              0.0
            ],
            [
              0.0,
              0.0
            ],
            [
              0.0,
              0.0
            ]
          ]
        ]
      },
      "properties": {
        "title": "BSH forecasting system",
        "dataPolicy": "All generated data is freely available",
        "organization": [
          "Federal Maritime and Hydrographic Agency, BSH"
        ],
        "otherLinks": "",
        "numericalModel": "Other circulation or sea level model",
        "atmosphericModel": "ICON",
        "oceanBasins": [
          "North-East Atlantic"
        ],
        "typeOfSystem": "Circulation",
        "applications": [
          "Coastal Hazards",
          "Oil spill fight",
          "Search and rescue"
        ],
        "variablesUsed": [],
        "essentialOceanVariables": []
      }
    },
    {
      "type": "Feature",
      "geometry": {
        "type": "Polygon",
        "coordinates": [
          [
            [
              24.9587,
              -34.8235
            ],
            [
              24.9587,
              -33.0755
            ],
            [
              27.1438,
              -33.0755
            ],
            [
              27.1438,
              -34.8235
            ],
            [
              24.9587,
              -34.8235
            ]
          ]
        ]
      },
      "properties": {
        "title": "SACOFS - South East (South African Coastal Operational Forecast System - South East Coast)",
        "dataPolicy": "All generated data is freely available",
        "organization": [
          "The South African Environmental Observation Network"
        ],
        "otherLinks": "https://github.com/SAEON/somisana ",
        "numericalModel": "CROCO - Coastal and Regional Ocean COmmunity Model",
        "atmosphericModel": null,
        "oceanBasins": [
          "African seas"
        ],
        "typeOfSystem": "Circulation",
        "applications": [
          "Oil spill fight",
          "Search and rescue"
        ],
        "variablesUsed": [],
        "essentialOceanVariables": []
      }
    },
    {
      "type": "Feature",
      "geometry": {
        "type": "Polygon",
        "coordinates": [
          [
            [
              17.89,
              -35.05
            ],
            [
              17.89,
              -33.61
            ],
            [
              19.98,
              -33.61
            ],
            [
              19.98,
              -35.05
            ],
            [
              17.89,
              -35.05
            ]
          ]
        ]
      },
      "properties": {
        "title": "SACOFS - South West (South African Coastal Operational Forecast System - South West Coast)",
        "dataPolicy": "All generated data is freely available",
        "organization": [
          "The South African Environmental Observation Network"
        ],
        "otherLinks": "https://github.com/SAEON/somisana",
        "numericalModel": "CROCO - Coastal and Regional Ocean COmmunity Model",
        "atmosphericModel": "GFS",
        "oceanBasins": [
          "African seas"
        ],
        "typeOfSystem": "Circulation",
        "applications": [
          "Harmful Algae Bloom",
          "Oil spill fight",
          "Search and rescue"
        ],
        "variablesUsed": [
          "Heat flow",
          "Variables to compute bulk heat flow formulation",
          "Wind"
        ],
        "essentialOceanVariables": []
      }
    },
    {
      "type": "Feature",
      "geometry": {
        "type": "Polygon",
        "coordinates": [
          [
            [
              15.0,
              -35.5
            ],
            [
              15.0,
              -28.6
            ],
            [
              21.0,
              -28.6
            ],
            [
              21.0,
              -35.5
            ],
            [
              15.0,
              -35.5
            ]
          ]
        ]
      },
      "properties": {
        "title": "SACOFS - West (South African Coastal Operational Forecast System - West Coast)",
        "dataPolicy": "All generated data is freely available",
        "organization": [
          "The South African Environmental Observation Network"
        ],
        "otherLinks": "https://github.com/SAEON/somisana",
        "numericalModel": "CROCO - Coastal and Regional Ocean COmmunity Model",
        "atmosphericModel": null,
        "oceanBasins": [
          "African seas"
        ],
        "typeOfSystem": "Circulation",
        "applications": [
          "Harmful Algae Bloom",
          "Oil spill fight",
          "Search and rescue"
        ],
        "variablesUsed": [],
        "essentialOceanVariables": []
      }
    },
    {
      "type": "Feature",
      "geometry": {
        "type": "Polygon",
        "coordinates": [
          [
            [
              -0.3,
              39.5
            ],
            [
              -0.3,
              39.8
            ],
            [
              0.0,
              39.8
            ],
            [
              0.0,
              39.5
            ],
            [
              -0.3,
              39.5
            ]
          ]
        ]
      },
      "properties": {
        "title": "SAPO - Sagunto",
        "dataPolicy": "All generated data is freely available",
        "organization": [
          "Puertos del Estado"
        ],
        "otherLinks": "",
        "numericalModel": "SWAN - Simulating WAves Nearshore",
        "atmosphericModel": "HARMONIE-AROME",
        "oceanBasins": [
          "Mediterranean and Black Seas"
        ],
        "typeOfSystem": "Waves",
        "applications": [
          "Port Management"
        ],
        "variablesUsed": [
          "Wind"
        ],
        "essentialOceanVariables": []
      }
    },
    {
      "type": "Feature",
      "geometry": {
        "type": "Polygon",
        "coordinates": [
          [
            [
              -0.3,
              38.9
            ],
            [
              -0.3,
              39.1
            ],
            [
              0.0,
              39.1
            ],
            [
              0.0,
              38.9
            ],
            [
              -0.3,
              38.9
            ]
          ]
        ]
      },
      "properties": {
        "title": "SAPO - Gandia",
        "dataPolicy": "All generated data is freely available",
        "organization": [
          "Puertos del Estado"
        ],
        "otherLinks": "",
        "numericalModel": "SWAN - Simulating WAves Nearshore",
        "atmosphericModel": "HARMONIE-AROME",
        "oceanBasins": [
          "Mediterranean and Black Seas"
        ],
        "typeOfSystem": "Waves",
        "applications": [
          "Coastal Hazards",
          "Port Management"
        ],
        "variablesUsed": [
          "Wind"
        ],
        "essentialOceanVariables": []
      }
    },
    {
      "type": "Feature",
      "geometry": {
        "type": "Polygon",
        "coordinates": [
          [
            [
              -2.7,
              36.6
            ],
            [
              -2.7,
              36.9
            ],
            [
              -2.3,
              36.9
            ],
            [
              -2.3,
              36.6
            ],
            [
              -2.7,
              36.6
            ]
          ]
        ]
      },
      "properties": {
        "title": "SAPO - Almeria",
        "dataPolicy": "All generated data is freely available",
        "organization": [
          "Puertos del Estado"
        ],
        "otherLinks": "",
        "numericalModel": "SWAN - Simulating WAves Nearshore",
        "atmosphericModel": "HARMONIE-AROME",
        "oceanBasins": [
          "Mediterranean and Black Seas"
        ],
        "typeOfSystem": "Waves",
        "applications": [
          "Coastal Hazards",
          "Port Management"
        ],
        "variablesUsed": [
          "Wind"
        ],
        "essentialOceanVariables": []
      }
    },
    {
      "type": "Feature",
      "geometry": {
        "type": "Polygon",
        "coordinates": [
          [
            [
              -2.0,
              36.8
            ],
            [
              -2.0,
              37.1
            ],
            [
              -1.7,
              37.1
            ],
            [
              -1.7,
              36.8
            ],
            [
              -2.0,
              36.8
            ]
          ]
        ]
      },
      "properties": {
        "title": "SAPO - Carboneras",
        "dataPolicy": "All generated data is freely available",
        "organization": [
          "Puertos del Estado"
        ],
        "otherLinks": "",
        "numericalModel": "SWAN - Simulating WAves Nearshore",
        "atmosphericModel": "HARMONIE-AROME",
        "oceanBasins": [
          "Mediterranean and Black Seas"
        ],
        "typeOfSystem": "Waves",
        "applications": [
          "Coastal Hazards",
          "Port Management"
        ],
        "variablesUsed": [
          "Wind"
        ],
        "essentialOceanVariables": []
      }
    },
    {
      "type": "Feature",
      "geometry": {
        "type": "Polygon",
        "coordinates": [
          [
            [
              -16.9,
              27.9
            ],
            [
              -16.9,
              28.2
            ],
            [
              -16.6,
              28.2
            ],
            [
              -16.6,
              27.9
            ],
            [
              -16.9,
              27.9
            ]
          ]
        ]
      },
      "properties": {
        "title": "SAPO - Cristianos",
        "dataPolicy": "All generated data is freely available",
        "organization": [
          "Puertos del Estado"
        ],
        "otherLinks": "",
        "numericalModel": "SWAN - Simulating WAves Nearshore",
        "atmosphericModel": "HARMONIE-AROME",
        "oceanBasins": [
          "North-East Atlantic"
        ],
        "typeOfSystem": "Waves",
        "applications": [
          "Coastal Hazards",
          "Port Management"
        ],
        "variablesUsed": [
          "Wind"
        ],
        "essentialOceanVariables": []
      }
    },
    {
      "type": "Feature",
      "geometry": {
        "type": "Polygon",
        "coordinates": [
          [
            [
              -17.9,
              28.5
            ],
            [
              -17.9,
              28.9
            ],
            [
              -17.6,
              28.9
            ],
            [
              -17.6,
              28.5
            ],
            [
              -17.9,
              28.5
            ]
          ]
        ]
      },
      "properties": {
        "title": "SAPO - S. C. de la Palma",
        "dataPolicy": "All generated data is freely available",
        "organization": [
          "Puertos del Estado"
        ],
        "otherLinks": "",
        "numericalModel": "SWAN - Simulating WAves Nearshore",
        "atmosphericModel": "HARMONIE-AROME",
        "oceanBasins": [
          "North-East Atlantic"
        ],
        "typeOfSystem": "Waves",
        "applications": [
          "Coastal Hazards",
          "Port Management"
        ],
        "variablesUsed": [
          "Wind"
        ],
        "essentialOceanVariables": []
      }
    },
    {
      "type": "Feature",
      "geometry": {
        "type": "Polygon",
        "coordinates": [
          [
            [
              -18.0,
              27.5
            ],
            [
              -18.0,
              28.0
            ],
            [
              -17.8,
              28.0
            ],
            [
              -17.8,
              27.5
            ],
            [
              -18.0,
              27.5
            ]
          ]
        ]
      },
      "properties": {
        "title": "SAPO - La Estaca",
        "dataPolicy": "All generated data is freely available",
        "organization": [
          "Puertos del Estado"
        ],
        "otherLinks": "",
        "numericalModel": "SWAN - Simulating WAves Nearshore",
        "atmosphericModel": "HARMONIE-AROME",
        "oceanBasins": [
          "North-East Atlantic"
        ],
        "typeOfSystem": "Waves",
        "applications": [
          "Coastal Hazards",
          "Port Management"
        ],
        "variablesUsed": [
          "Wind"
        ],
        "essentialOceanVariables": []
      }
    },
    {
      "type": "Feature",
      "geometry": {
        "type": "Polygon",
        "coordinates": [
          [
            [
              -16.7,
              28.0
            ],
            [
              -16.7,
              28.3
            ],
            [
              -16.3,
              28.3
            ],
            [
              -16.3,
              28.0
            ],
            [
              -16.7,
              28.0
            ]
          ]
        ]
      },
      "properties": {
        "title": "SAPO - Granadilla",
        "dataPolicy": "All generated data is freely available",
        "organization": [
          "Puertos del Estado"
        ],
        "otherLinks": "",
        "numericalModel": "SWAN - Simulating WAves Nearshore",
        "atmosphericModel": "HARMONIE-AROME",
        "oceanBasins": [
          "North-East Atlantic"
        ],
        "typeOfSystem": "Waves",
        "applications": [
          "Coastal Hazards",
          "Port Management"
        ],
        "variablesUsed": [
          "Wind"
        ],
        "essentialOceanVariables": []
      }
    },
    {
      "type": "Feature",
      "geometry": {
        "type": "Polygon",
        "coordinates": [
          [
            [
              -17.3,
              27.9
            ],
            [
              -17.3,
              28.2
            ],
            [
              -17.0,
              28.2
            ],
            [
              -17.0,
              27.9
            ],
            [
              -17.3,
              27.9
            ]
          ]
        ]
      },
      "properties": {
        "title": "SAPO - Gomera",
        "dataPolicy": "All generated data is freely available",
        "organization": [
          "Puertos del Estado"
        ],
        "otherLinks": "",
        "numericalModel": "SWAN - Simulating WAves Nearshore",
        "atmosphericModel": "HARMONIE-AROME",
        "oceanBasins": [
          "North-East Atlantic"
        ],
        "typeOfSystem": "Waves",
        "applications": [
          "Coastal Hazards",
          "Port Management"
        ],
        "variablesUsed": [
          "Wind"
        ],
        "essentialOceanVariables": []
      }
    },
    {
      "type": "Feature",
      "geometry": {
        "type": "Polygon",
        "coordinates": [
          [
            [
              -0.6,
              38.1
            ],
            [
              -0.6,
              38.5
            ],
            [
              -0.3,
              38.5
            ],
            [
              -0.3,
              38.1
            ],
            [
              -0.6,
              38.1
            ]
          ]
        ]
      },
      "properties": {
        "title": "SAPO - Alicante",
        "dataPolicy": "All generated data is freely available",
        "organization": [
          "Puertos del Estado"
        ],
        "otherLinks": "",
        "numericalModel": "SWAN - Simulating WAves Nearshore",
        "atmosphericModel": "HARMONIE-AROME",
        "oceanBasins": [
          "Mediterranean and Black Seas"
        ],
        "typeOfSystem": "Waves",
        "applications": [
          "Coastal Hazards",
          "Port Management"
        ],
        "variablesUsed": [
          "Wind"
        ],
        "essentialOceanVariables": []
      }
    },
    {
      "type": "Feature",
      "geometry": {
        "type": "Polygon",
        "coordinates": [
          [
            [
              -7.0,
              36.1
            ],
            [
              -7.0,
              37.0
            ],
            [
              -6.0,
              37.0
            ],
            [
              -6.0,
              36.1
            ],
            [
              -7.0,
              36.1
            ]
          ]
        ]
      },
      "properties": {
        "title": "SAPO - Cadiz (coarse)",
        "dataPolicy": "All generated data is freely available",
        "organization": [
          "Puertos del Estado"
        ],
        "otherLinks": "",
        "numericalModel": "SWAN - Simulating WAves Nearshore",
        "atmosphericModel": "HARMONIE-AROME",
        "oceanBasins": [
          "North-East Atlantic"
        ],
        "typeOfSystem": "Waves",
        "applications": [
          "Coastal Hazards",
          "Port Management"
        ],
        "variablesUsed": [
          "Wind"
        ],
        "essentialOceanVariables": []
      }
    },
    {
      "type": "Feature",
      "geometry": {
        "type": "Polygon",
        "coordinates": [
          [
            [
              -6.6,
              36.2
            ],
            [
              -6.6,
              36.9
            ],
            [
              -6.1,
              36.9
            ],
            [
              -6.1,
              36.2
            ],
            [
              -6.6,
              36.2
            ]
          ]
        ]
      },
      "properties": {
        "title": "SAPO - Cadiz",
        "dataPolicy": "All generated data is freely available",
        "organization": [
          "Puertos del Estado"
        ],
        "otherLinks": "",
        "numericalModel": "SWAN - Simulating WAves Nearshore",
        "atmosphericModel": "HARMONIE-AROME",
        "oceanBasins": [
          "North-East Atlantic"
        ],
        "typeOfSystem": "Waves",
        "applications": [
          "Coastal Hazards",
          "Port Management"
        ],
        "variablesUsed": [
          "Wind"
        ],
        "essentialOceanVariables": []
      }
    },
    {
      "type": "Feature",
      "geometry": {
        "type": "Polygon",
        "coordinates": [
          [
            [
              -5.5,
              36.0
            ],
            [
              -5.5,
              36.2
            ],
            [
              -5.3,
              36.2
            ],
            [
              -5.3,
              36.0
            ],
            [
              -5.5,
              36.0
            ]
          ]
        ]
      },
      "properties": {
        "title": "SAPO - Algeciras",
        "dataPolicy": "All generated data is freely available",
        "organization": [
          "Puertos del Estado"
        ],
        "otherLinks": "",
        "numericalModel": "SWAN - Simulating WAves Nearshore",
        "atmosphericModel": "HARMONIE-AROME",
        "oceanBasins": [
          "Mediterranean and Black Seas"
        ],
        "typeOfSystem": "Waves",
        "applications": [
          "Port Management"
        ],
        "variablesUsed": [
          "Wind"
        ],
        "essentialOceanVariables": []
      }
    },
    {
      "type": "Feature",
      "geometry": {
        "type": "Polygon",
        "coordinates": [
          [
            [
              2.1,
              39.2
            ],
            [
              2.1,
              39.6
            ],
            [
              2.9,
              39.6
            ],
            [
              2.9,
              39.2
            ],
            [
              2.1,
              39.2
            ]
          ]
        ]
      },
      "properties": {
        "title": "SAPO - Palma de Mallorca",
        "dataPolicy": "All generated data is freely available",
        "organization": [
          "Puertos del Estado"
        ],
        "otherLinks": "",
        "numericalModel": "SWAN - Simulating WAves Nearshore",
        "atmosphericModel": "HARMONIE-AROME",
        "oceanBasins": [
          "Mediterranean and Black Seas"
        ],
        "typeOfSystem": "Waves",
        "applications": [
          "Port Management"
        ],
        "variablesUsed": [
          "Wind"
        ],
        "essentialOceanVariables": []
      }
    },
    {
      "type": "Feature",
      "geometry": {
        "type": "Polygon",
        "coordinates": [
          [
            [
              0.5,
              40.6
            ],
            [
              0.5,
              41.2
            ],
            [
              1.5,
              41.2
            ],
            [
              1.5,
              40.6
            ],
            [
              0.5,
              40.6
            ]
          ]
        ]
      },
      "properties": {
        "title": "SAPO - Tarragona (coarse)",
        "dataPolicy": "All generated data is freely available",
        "organization": [
          "Puertos del Estado"
        ],
        "otherLinks": "",
        "numericalModel": "SWAN - Simulating WAves Nearshore",
        "atmosphericModel": "HARMONIE-AROME",
        "oceanBasins": [
          "Mediterranean and Black Seas"
        ],
        "typeOfSystem": "Waves",
        "applications": [
          "Coastal Hazards"
        ],
        "variablesUsed": [
          "Wind"
        ],
        "essentialOceanVariables": []
      }
    },
    {
      "type": "Feature",
      "geometry": {
        "type": "Polygon",
        "coordinates": [
          [
            [
              -3.6,
              43.3
            ],
            [
              -3.6,
              43.7
            ],
            [
              -2.6,
              43.7
            ],
            [
              -2.6,
              43.3
            ],
            [
              -3.6,
              43.3
            ]
          ]
        ]
      },
      "properties": {
        "title": "SAPO - Bilbao",
        "dataPolicy": "All generated data is freely available",
        "organization": [
          "Puertos del Estado"
        ],
        "otherLinks": "",
        "numericalModel": "SWAN - Simulating WAves Nearshore",
        "atmosphericModel": "HARMONIE-AROME",
        "oceanBasins": [
          "North-East Atlantic"
        ],
        "typeOfSystem": "Waves",
        "applications": [
          "Coastal Hazards"
        ],
        "variablesUsed": [
          "Wind"
        ],
        "essentialOceanVariables": []
      }
    },
    {
      "type": "Feature",
      "geometry": {
        "type": "Polygon",
        "coordinates": [
          [
            [
              -14.0,
              28.2
            ],
            [
              -14.0,
              28.7
            ],
            [
              -13.6,
              28.7
            ],
            [
              -13.6,
              28.2
            ],
            [
              -14.0,
              28.2
            ]
          ]
        ]
      },
      "properties": {
        "title": "SAPO - Pto del Rosario",
        "dataPolicy": "All generated data is freely available",
        "organization": [
          "Puertos del Estado"
        ],
        "otherLinks": "",
        "numericalModel": "SWAN - Simulating WAves Nearshore",
        "atmosphericModel": "HARMONIE-AROME",
        "oceanBasins": [
          "North-East Atlantic"
        ],
        "typeOfSystem": "Waves",
        "applications": [
          "Port Management"
        ],
        "variablesUsed": [
          "Wind"
        ],
        "essentialOceanVariables": []
      }
    },
    {
      "type": "Feature",
      "geometry": {
        "type": "Polygon",
        "coordinates": [
          [
            [
              -2.5,
              43.2
            ],
            [
              -2.5,
              43.7
            ],
            [
              -1.7,
              43.7
            ],
            [
              -1.7,
              43.2
            ],
            [
              -2.5,
              43.2
            ]
          ]
        ]
      },
      "properties": {
        "title": "SAPO - Pasajes",
        "dataPolicy": "All generated data is freely available",
        "organization": [
          "Puertos del Estado"
        ],
        "otherLinks": "",
        "numericalModel": "SWAN - Simulating WAves Nearshore",
        "atmosphericModel": "HARMONIE-AROME",
        "oceanBasins": [
          "North-East Atlantic"
        ],
        "typeOfSystem": "Waves",
        "applications": [
          "Coastal Hazards"
        ],
        "variablesUsed": [
          "Wind"
        ],
        "essentialOceanVariables": []
      }
    },
    {
      "type": "Feature",
      "geometry": {
        "type": "Polygon",
        "coordinates": [
          [
            [
              1.1,
              40.9
            ],
            [
              1.1,
              41.2
            ],
            [
              1.5,
              41.2
            ],
            [
              1.5,
              40.9
            ],
            [
              1.1,
              40.9
            ]
          ]
        ]
      },
      "properties": {
        "title": "SAPO - Tarragona",
        "dataPolicy": "All generated data is freely available",
        "organization": [
          "Puertos del Estado"
        ],
        "otherLinks": "",
        "numericalModel": "SWAN - Simulating WAves Nearshore",
        "atmosphericModel": "HARMONIE-AROME",
        "oceanBasins": [
          "Mediterranean and Black Seas"
        ],
        "typeOfSystem": "Waves",
        "applications": [
          "Port Management"
        ],
        "variablesUsed": [
          "Wind"
        ],
        "essentialOceanVariables": []
      }
    },
    {
      "type": "Feature",
      "geometry": {
        "type": "Polygon",
        "coordinates": [
          [
            [
              -15.7,
              27.7
            ],
            [
              -15.7,
              28.3
            ],
            [
              -15.2,
              28.3
            ],
            [
              -15.2,
              27.7
            ],
            [
              -15.7,
              27.7
            ]
          ]
        ]
      },
      "properties": {
        "title": "SAPO - Las Palmas",
        "dataPolicy": "All generated data is freely available",
        "organization": [
          "Puertos del Estado"
        ],
        "otherLinks": "",
        "numericalModel": "SWAN - Simulating WAves Nearshore",
        "atmosphericModel": "HARMONIE-AROME",
        "oceanBasins": [
          "North-East Atlantic"
        ],
        "typeOfSystem": "Waves",
        "applications": [
          "Coastal Hazards"
        ],
        "variablesUsed": [
          "Wind"
        ],
        "essentialOceanVariables": []
      }
    },
    {
      "type": "Feature",
      "geometry": {
        "type": "Polygon",
        "coordinates": [
          [
            [
              -13.8,
              28.8
            ],
            [
              -13.8,
              29.1
            ],
            [
              -13.4,
              29.1
            ],
            [
              -13.4,
              28.8
            ],
            [
              -13.8,
              28.8
            ]
          ]
        ]
      },
      "properties": {
        "title": "SAPO - Arrecife",
        "dataPolicy": "All generated data is freely available",
        "organization": [
          "Puertos del Estado"
        ],
        "otherLinks": "",
        "numericalModel": "SWAN - Simulating WAves Nearshore",
        "atmosphericModel": "HARMONIE-AROME",
        "oceanBasins": [
          "North-East Atlantic"
        ],
        "typeOfSystem": "Waves",
        "applications": [
          "Coastal Hazards"
        ],
        "variablesUsed": [
          "Wind"
        ],
        "essentialOceanVariables": []
      }
    },
    {
      "type": "Feature",
      "geometry": {
        "type": "Polygon",
        "coordinates": [
          [
            [
              120.0,
              -10.0
            ],
            [
              120.0,
              10.0
            ],
            [
              280.0,
              10.0
            ],
            [
              280.0,
              -10.0
            ],
            [
              120.0,
              -10.0
            ]
          ]
        ]
      },
      "properties": {
        "title": "IGP-UHM AI model v1.0",
        "dataPolicy": "All generated data is freely available",
        "organization": [
          "Instituto Geof\u00edsico del Per\u00fa"
        ],
        "otherLinks": "",
        "numericalModel": "Deep Learning",
        "atmosphericModel": "Reanalysis II",
        "oceanBasins": [
          "South and central America"
        ],
        "typeOfSystem": "Circulation",
        "applications": [
          "Climate prediction",
          "Disaster risk reduction"
        ],
        "variablesUsed": [
          "Wind"
        ],
        "essentialOceanVariables": []
      }
    },
    {
      "type": "Feature",
      "geometry": {
        "type": "Polygon",
        "coordinates": [
          [
            [
              -18.0,
              45.0
            ],
            [
              -18.0,
              63.0
            ],
            [
              13.0,
              63.0
            ],
            [
              13.0,
              45.0
            ],
            [
              -18.0,
              45.0
            ]
          ]
        ]
      },
      "properties": {
        "title": "FOAM-Shelf",
        "dataPolicy": "All or part of the data is available under some type of license that implies a cost or specific agreement",
        "organization": [
          "Met Office"
        ],
        "otherLinks": "",
        "numericalModel": "NEMO - Nucleus for European Modelling of the Ocean",
        "atmosphericModel": "Unified model",
        "oceanBasins": [
          "North-East Atlantic"
        ],
        "typeOfSystem": "Circulation",
        "applications": [
          "Offshore energy",
          "Oil spill fight",
          "Research",
          "Search and rescue",
          "Ship-routing"
        ],
        "variablesUsed": [],
        "essentialOceanVariables": [
          "Salinity",
          "Sea surface height (sea level)",
          "Temperature"
        ]
      }
    },
    {
      "type": "Feature",
      "geometry": {
        "type": "Polygon",
        "coordinates": [
          [
            [
              20.0,
              -43.0
            ],
            [
              20.0,
              30.0
            ],
            [
              120.0,
              30.0
            ],
            [
              120.0,
              -43.0
            ],
            [
              20.0,
              -43.0
            ]
          ]
        ]
      },
      "properties": {
        "title": "INCOIS INDIAN OCEAN HYCOM",
        "dataPolicy": "All generated data is freely available",
        "organization": [
          "INCOIS (INDIAN NATIONAL CENTRE FOR OCEAN INFORMATION SERVICES)"
        ],
        "otherLinks": "",
        "numericalModel": "HYCOM - HYbrid Coordinate Ocean Model",
        "atmosphericModel": "GFS",
        "oceanBasins": [
          "Indian Seas"
        ],
        "typeOfSystem": "Circulation",
        "applications": [
          "Disaster risk reduction",
          "Coastal Hazards",
          "Navigation support",
          "Offshore energy",
          "Oil spill fight",
          "Research",
          "Search and rescue"
        ],
        "variablesUsed": [
          "Atmospheric pressure",
          "Variables to compute bulk heat flow formulation",
          "Wind"
        ],
        "essentialOceanVariables": [
          "Salinity",
          "Sea surface height (sea level)",
          "Temperature"
        ]
      }
    },
    {
      "type": "Feature",
      "geometry": {
        "type": "Polygon",
        "coordinates": [
          [
            [
              12.0,
              39.0
            ],
            [
              12.0,
              46.0
            ],
            [
              21.0,
              46.0
            ],
            [
              21.0,
              39.0
            ],
            [
              12.0,
              39.0
            ]
          ]
        ]
      },
      "properties": {
        "title": "NEMOADR",
        "dataPolicy": "All or part of the data is available under some type of license that implies a cost or specific agreement",
        "organization": [
          "Slovenian Environment Agency"
        ],
        "otherLinks": "",
        "numericalModel": "NEMO - Nucleus for European Modelling of the Ocean",
        "atmosphericModel": "ALADIN SI",
        "oceanBasins": [
          "Mediterranean and Black Seas"
        ],
        "typeOfSystem": "Circulation",
        "applications": [
          "Coastal Hazards",
          "Oil spill fight",
          "Research",
          "Search and rescue"
        ],
        "variablesUsed": [
          "Atmospheric pressure",
          "Variables to compute bulk heat flow formulation",
          "Wind"
        ],
        "essentialOceanVariables": []
      }
    },
    {
      "type": "Feature",
      "geometry": {
        "type": "Polygon",
        "coordinates": [
          [
            [
              12.0,
              44.0
            ],
            [
              12.0,
              46.0
            ],
            [
              15.0,
              46.0
            ],
            [
              15.0,
              44.0
            ],
            [
              12.0,
              44.0
            ]
          ]
        ]
      },
      "properties": {
        "title": "NEMONADR",
        "dataPolicy": "All or part of the data is available under some type of license that implies a cost or specific agreement",
        "organization": [
          "Slovenian Environment Agency"
        ],
        "otherLinks": "",
        "numericalModel": "NEMO - Nucleus for European Modelling of the Ocean",
        "atmosphericModel": null,
        "oceanBasins": [
          "Mediterranean and Black Seas"
        ],
        "typeOfSystem": "Circulation",
        "applications": [
          "Coastal Hazards",
          "Oil spill fight",
          "Research",
          "Search and rescue"
        ],
        "variablesUsed": [],
        "essentialOceanVariables": []
      }
    },
    {
      "type": "Feature",
      "geometry": {
        "type": "Polygon",
        "coordinates": [
          [
            [
              13.72,
              45.545
            ],
            [
              13.72,
              45.555
            ],
            [
              13.73,
              45.555
            ],
            [
              13.73,
              45.545
            ],
            [
              13.72,
              45.545
            ]
          ]
        ]
      },
      "properties": {
        "title": "HIDRA2",
        "dataPolicy": "All or part of the data is available under some type of license that implies a cost or specific agreement",
        "organization": [
          "Slovenian Environment Agency"
        ],
        "otherLinks": "",
        "numericalModel": "Deep Learning",
        "atmosphericModel": null,
        "oceanBasins": [
          "Mediterranean and Black Seas"
        ],
        "typeOfSystem": "Sea level (storm surge)",
        "applications": [
          "Disaster risk reduction",
          "Coastal Hazards"
        ],
        "variablesUsed": [],
        "essentialOceanVariables": []
      }
    },
    {
      "type": "Feature",
      "geometry": {
        "type": "Polygon",
        "coordinates": [
          [
            [
              25.0,
              39.5
            ],
            [
              25.0,
              47.0
            ],
            [
              42.0,
              47.0
            ],
            [
              42.0,
              39.5
            ],
            [
              25.0,
              39.5
            ]
          ]
        ]
      },
      "properties": {
        "title": "Black Sea analysis and Forecasting System",
        "dataPolicy": "All generated data is freely available",
        "organization": [
          "CMCC"
        ],
        "otherLinks": "",
        "numericalModel": "NEMO - Nucleus for European Modelling of the Ocean",
        "atmosphericModel": "HRES",
        "oceanBasins": [
          "Mediterranean and Black Seas"
        ],
        "typeOfSystem": "Circulation",
        "applications": [
          "Aquaculture",
          "Disaster risk reduction",
          "Coastal Hazards",
          "Fisheries",
          "Navigation support",
          "Offshore energy",
          "Oil spill fight",
          "Port Management",
          "Recreational navigation",
          "Research",
          "Search and rescue",
          "Ship-routing",
          "Tourism"
        ],
        "variablesUsed": [
          "Atmospheric pressure",
          "Variables to compute bulk heat flow formulation",
          "Wind"
        ],
        "essentialOceanVariables": [
          "Salinity",
          "Sea surface height (sea level)",
          "Temperature"
        ]
      }
    },
    {
      "type": "Feature",
      "geometry": {
        "type": "Polygon",
        "coordinates": [
          [
            [
              -4.48,
              43.2
            ],
            [
              -4.48,
              45.0
            ],
            [
              -0.98,
              45.0
            ],
            [
              -0.98,
              43.2
            ],
            [
              -4.48,
              43.2
            ]
          ]
        ]
      },
      "properties": {
        "title": "Euskalmet WAM Basque Coast ",
        "dataPolicy": "All generated data is freely available",
        "organization": [
          "AZTI"
        ],
        "otherLinks": "",
        "numericalModel": "WAM - Wave model",
        "atmosphericModel": "WRF",
        "oceanBasins": [
          "North-East Atlantic"
        ],
        "typeOfSystem": "Waves",
        "applications": [
          "Coastal Hazards"
        ],
        "variablesUsed": [
          "Wind"
        ],
        "essentialOceanVariables": []
      }
    },
    {
      "type": "Feature",
      "geometry": {
        "type": "Polygon",
        "coordinates": [
          [
            [
              -3.15,
              43.28
            ],
            [
              -3.15,
              43.56
            ],
            [
              -1.78,
              43.56
            ],
            [
              -1.78,
              43.28
            ],
            [
              -3.15,
              43.28
            ]
          ]
        ]
      },
      "properties": {
        "title": "Basque Maritime-Coastal Early Warning System",
        "dataPolicy": "The data is not available to third parties",
        "organization": [
          "AZTI"
        ],
        "otherLinks": "",
        "numericalModel": "Wave models",
        "atmosphericModel": null,
        "oceanBasins": [
          "North-East Atlantic"
        ],
        "typeOfSystem": "Sea level (storm surge)",
        "applications": [
          "Coastal Hazards"
        ],
        "variablesUsed": [],
        "essentialOceanVariables": []
      }
    },
    {
      "type": "Feature",
      "geometry": {
        "type": "Polygon",
        "coordinates": [
          [
            [
              -9.576695,
              38.402949
            ],
            [
              -9.576695,
              39.038307
            ],
            [
              -8.834945,
              39.038307
            ],
            [
              -8.834945,
              38.402949
            ],
            [
              -9.576695,
              38.402949
            ]
          ]
        ]
      },
      "properties": {
        "title": "CONNECT  Tagus 2D",
        "dataPolicy": "All generated data is freely available",
        "organization": [
          "Laborat\u00f3rio Nacional de Engenharia Civil"
        ],
        "otherLinks": "",
        "numericalModel": "Other circulation or sea level model",
        "atmosphericModel": "ECMWF EPS",
        "oceanBasins": [
          "North-East Atlantic"
        ],
        "typeOfSystem": "Circulation",
        "applications": [
          "Coastal Hazards"
        ],
        "variablesUsed": [
          "Atmospheric pressure",
          "Wind"
        ],
        "essentialOceanVariables": []
      }
    },
    {
      "type": "Feature",
      "geometry": {
        "type": "Polygon",
        "coordinates": [
          [
            [
              -9.576695,
              38.402949
            ],
            [
              -9.576695,
              39.038307
            ],
            [
              -8.834945,
              39.038307
            ],
            [
              -8.834945,
              38.402949
            ],
            [
              -9.576695,
              38.402949
            ]
          ]
        ]
      },
      "properties": {
        "title": "CONNECT Tagus 3D",
        "dataPolicy": "All generated data is freely available",
        "organization": [
          "Laborat\u00f3rio Nacional de Engenharia Civil"
        ],
        "otherLinks": "",
        "numericalModel": "Other Biogeochemical model",
        "atmosphericModel": null,
        "oceanBasins": [
          "North-East Atlantic"
        ],
        "typeOfSystem": "Biogeochemical",
        "applications": [
          "Enviromental management"
        ],
        "variablesUsed": [
          "Atmospheric pressure",
          "Heat flow",
          "Wind"
        ],
        "essentialOceanVariables": []
      }
    },
    {
      "type": "Feature",
      "geometry": {
        "type": "Polygon",
        "coordinates": [
          [
            [
              -7.0,
              30.25
            ],
            [
              -7.0,
              45.75
            ],
            [
              36.0,
              45.75
            ],
            [
              36.0,
              30.25
            ],
            [
              -7.0,
              30.25
            ]
          ]
        ]
      },
      "properties": {
        "title": "POSEIDON Waves",
        "dataPolicy": "All generated data is freely available",
        "organization": [
          "HCMR"
        ],
        "otherLinks": "",
        "numericalModel": "WWMIII - Wind Wave Model",
        "atmosphericModel": "POSEIDON WEATHER FORECASTING SYSTEM (ETA)",
        "oceanBasins": [
          "Mediterranean and Black Seas"
        ],
        "typeOfSystem": "Waves",
        "applications": [
          "Coastal Hazards",
          "Search and rescue",
          "Ship-routing",
          "Tourism"
        ],
        "variablesUsed": [
          "Atmospheric pressure",
          "Freshwater flow",
          "Variables to compute bulk heat flow formulation",
          "Wind"
        ],
        "essentialOceanVariables": []
      }
    },
    {
      "type": "Feature",
      "geometry": {
        "type": "Polygon",
        "coordinates": [
          [
            [
              -7.0,
              30.25
            ],
            [
              -7.0,
              45.75
            ],
            [
              36.0,
              45.75
            ],
            [
              36.0,
              30.25
            ],
            [
              -7.0,
              30.25
            ]
          ]
        ]
      },
      "properties": {
        "title": "POSEIDON Wave Forecasting System (WAM)",
        "dataPolicy": "All generated data is freely available",
        "organization": [
          "HCMR"
        ],
        "otherLinks": "",
        "numericalModel": "WAM - Wave model",
        "atmosphericModel": "POSEIDON WEATHER FORECASTING SYSTEM (ETA)",
        "oceanBasins": [
          "Mediterranean and Black Seas"
        ],
        "typeOfSystem": "Waves",
        "applications": [
          "Coastal Hazards",
          "Navigation support",
          "Oil spill fight",
          "Search and rescue"
        ],
        "variablesUsed": [
          "Wind"
        ],
        "essentialOceanVariables": []
      }
    },
    {
      "type": "Feature",
      "geometry": {
        "type": "Polygon",
        "coordinates": [
          [
            [
              -15.0,
              30.187
            ],
            [
              -15.0,
              45.937
            ],
            [
              36.25,
              45.937
            ],
            [
              36.25,
              30.187
            ],
            [
              -15.0,
              30.187
            ]
          ]
        ]
      },
      "properties": {
        "title": "MFS-LRESATM",
        "dataPolicy": "All generated data is freely available",
        "organization": [
          "Istituto Nazionale di Geofisica e Vulcanologia"
        ],
        "otherLinks": "",
        "numericalModel": "NEMO - Nucleus for European Modelling of the Ocean",
        "atmosphericModel": "IFS",
        "oceanBasins": [
          "Mediterranean and Black Seas"
        ],
        "typeOfSystem": "Circulation",
        "applications": [
          "Research"
        ],
        "variablesUsed": [],
        "essentialOceanVariables": []
      }
    },
    {
      "type": "Feature",
      "geometry": {
        "type": "Polygon",
        "coordinates": [
          [
            [
              -0.7542,
              38.7803
            ],
            [
              -0.7542,
              37.9719
            ],
            [
              0.2188,
              37.9719
            ],
            [
              0.2188,
              38.7803
            ],
            [
              -0.7542,
              38.7803
            ]
          ]
        ]
      },
      "properties": {
        "title": "SAMOA CST-ALI (Alicante)",
        "dataPolicy": "All generated data is freely available",
        "organization": [
          "Puertos del Estado"
        ],
        "otherLinks": "",
        "numericalModel": "ROMS - The Regional Ocean Modeling System",
        "atmosphericModel": "HARMONIE-AROME",
        "oceanBasins": [
          "Mediterranean and Black Seas"
        ],
        "typeOfSystem": "Circulation",
        "applications": [
          "Coastal Hazards",
          "Oil spill fight"
        ],
        "variablesUsed": [
          "Wind"
        ],
        "essentialOceanVariables": []
      }
    },
    {
      "type": "Feature",
      "geometry": {
        "type": "Polygon",
        "coordinates": [
          [
            [
              12.0,
              43.5
            ],
            [
              12.0,
              46.0
            ],
            [
              16.0,
              46.0
            ],
            [
              16.0,
              43.5
            ],
            [
              12.0,
              43.5
            ]
          ]
        ]
      },
      "properties": {
        "title": "Northern Adriatic Sea Reanalysis and Forecasting system (NARF)",
        "dataPolicy": "All generated data is freely available",
        "organization": [
          "National Institute of Oceanography and Applied Geophysics"
        ],
        "otherLinks": "",
        "numericalModel": "Coupled MITgcm-BFM",
        "atmosphericModel": "ALADIN SI",
        "oceanBasins": [
          "Mediterranean and Black Seas"
        ],
        "typeOfSystem": "Biogeochemical",
        "applications": [
          "Aquaculture",
          "Enviromental management",
          "Research"
        ],
        "variablesUsed": [
          "Atmospheric pressure",
          "Variables to compute bulk heat flow formulation",
          "Wind"
        ],
        "essentialOceanVariables": []
      }
    },
    {
      "type": "Feature",
      "geometry": {
        "type": "Polygon",
        "coordinates": [
          [
            [
              13.2,
              45.4
            ],
            [
              13.2,
              45.8
            ],
            [
              13.8,
              45.8
            ],
            [
              13.8,
              45.4
            ],
            [
              13.2,
              45.4
            ]
          ]
        ]
      },
      "properties": {
        "title": "Gulf of Trieste Forecasting System",
        "dataPolicy": "All generated data is freely available",
        "organization": [
          "National Institute of Oceanography and Applied Geophysics"
        ],
        "otherLinks": "",
        "numericalModel": "Coupled MITgcm-BFM",
        "atmosphericModel": null,
        "oceanBasins": [
          "Mediterranean and Black Seas"
        ],
        "typeOfSystem": "Biogeochemical",
        "applications": [
          "Aquaculture",
          "Enviromental management",
          "Research"
        ],
        "variablesUsed": [],
        "essentialOceanVariables": []
      }
    },
    {
      "type": "Feature",
      "geometry": {
        "type": "Polygon",
        "coordinates": [
          [
            [
              27.25,
              40.5
            ],
            [
              27.25,
              47.0
            ],
            [
              42.0,
              47.0
            ],
            [
              42.0,
              40.5
            ],
            [
              27.25,
              40.5
            ]
          ]
        ]
      },
      "properties": {
        "title": "Black Sea Waves Analysis and Forecast",
        "dataPolicy": "All generated data is freely available",
        "organization": [
          "Helmholtz-Zentrum hereon"
        ],
        "otherLinks": "",
        "numericalModel": "WAM - Wave model",
        "atmosphericModel": "IFS",
        "oceanBasins": [
          "Mediterranean and Black Seas"
        ],
        "typeOfSystem": "Waves",
        "applications": [
          "Disaster risk reduction",
          "Enviromental management",
          "Coastal Hazards",
          "Navigation support",
          "Research",
          "Ship-routing"
        ],
        "variablesUsed": [
          "Wind"
        ],
        "essentialOceanVariables": [
          "Sea State (waves)"
        ]
      }
    },
    {
      "type": "Feature",
      "geometry": {
        "type": "Polygon",
        "coordinates": [
          [
            [
              27.25,
              40.5
            ],
            [
              27.25,
              47.0
            ],
            [
              32.0,
              47.0
            ],
            [
              32.0,
              40.5
            ],
            [
              27.25,
              40.5
            ]
          ]
        ]
      },
      "properties": {
        "title": "Coastal Northwestern Black Sea operational model",
        "dataPolicy": "All or part of the data is available under some type of license that implies a cost or specific agreement",
        "organization": [
          "Helmholtz-Zentrum hereon"
        ],
        "otherLinks": "",
        "numericalModel": "SCHISM (Semi-implicit Cross-scale Hydroscience Integrated System Model)",
        "atmosphericModel": "COSMO",
        "oceanBasins": [
          "Mediterranean and Black Seas"
        ],
        "typeOfSystem": "Circulation",
        "applications": [
          "Climate prediction",
          "Enviromental management",
          "Coastal Hazards",
          "Research"
        ],
        "variablesUsed": [
          "Atmospheric pressure",
          "Heat flow",
          "Wind"
        ],
        "essentialOceanVariables": []
      }
    },
    {
      "type": "Feature",
      "geometry": {
        "type": "Polygon",
        "coordinates": [
          [
            [
              17.71501,
              39.76235
            ],
            [
              17.71501,
              46.391612
            ],
            [
              13.203395,
              46.391612
            ],
            [
              13.203395,
              39.76235
            ],
            [
              17.71501,
              39.76235
            ]
          ]
        ]
      },
      "properties": {
        "title": "Adriac",
        "dataPolicy": "All generated data is freely available",
        "organization": [
          "Regional Agency for Prevention, Environment and Energy of Emilia-Romagna"
        ],
        "otherLinks": "",
        "numericalModel": "Other circulation or sea level model",
        "atmosphericModel": null,
        "oceanBasins": [
          "Mediterranean and Black Seas"
        ],
        "typeOfSystem": "Circulation",
        "applications": [
          "Navigation support",
          "Research"
        ],
        "variablesUsed": [],
        "essentialOceanVariables": []
      }
    },
    {
      "type": "Feature",
      "geometry": {
        "type": "Polygon",
        "coordinates": [
          [
            [
              -6.0,
              30.0
            ],
            [
              -6.0,
              46.0
            ],
            [
              37.0,
              46.0
            ],
            [
              37.0,
              30.0
            ],
            [
              -6.0,
              30.0
            ]
          ]
        ]
      },
      "properties": {
        "title": "SWAN  MEDITERRANEO (Simulating WAve Nearshore) ",
        "dataPolicy": "All generated data is freely available",
        "organization": [
          "Regional Agency for Prevention, Environment and Energy of Emilia-Romagna"
        ],
        "otherLinks": "",
        "numericalModel": "SWAN - Simulating WAves Nearshore",
        "atmosphericModel": null,
        "oceanBasins": [
          "Mediterranean and Black Seas"
        ],
        "typeOfSystem": "Waves",
        "applications": [
          "Disaster risk reduction",
          "Coastal Hazards",
          "Navigation support",
          "Offshore energy",
          "Port Management",
          "Recreational navigation",
          "Search and rescue",
          "Ship-routing",
          "Tourism"
        ],
        "variablesUsed": [],
        "essentialOceanVariables": []
      }
    },
    {
      "type": "Feature",
      "geometry": {
        "type": "Polygon",
        "coordinates": [
          [
            [
              16.88,
              39.0
            ],
            [
              16.88,
              45.98
            ],
            [
              13.86,
              45.98
            ],
            [
              13.86,
              39.0
            ],
            [
              16.88,
              39.0
            ]
          ]
        ]
      },
      "properties": {
        "title": "AdriFS",
        "dataPolicy": "The data is not available to third parties",
        "organization": [
          "CMCC"
        ],
        "otherLinks": "",
        "numericalModel": "SHYFEM - System of HydrodYnamic Finite Element Modules",
        "atmosphericModel": "IFS",
        "oceanBasins": [
          "Mediterranean and Black Seas"
        ],
        "typeOfSystem": "Circulation",
        "applications": [
          "Research",
          "Disaster risk reduction",
          "Coastal Hazards",
          "Oil spill fight"
        ],
        "variablesUsed": [
          "Atmospheric pressure",
          "Freshwater flow",
          "Variables to compute bulk heat flow formulation",
          "Wind"
        ],
        "essentialOceanVariables": []
      }
    },
    {
      "type": "Feature",
      "geometry": {
        "type": "Polygon",
        "coordinates": [
          [
            [
              11.9,
              41.8
            ],
            [
              11.9,
              42.37
            ],
            [
              11.71,
              42.37
            ],
            [
              11.71,
              41.8
            ],
            [
              11.9,
              41.8
            ]
          ]
        ]
      },
      "properties": {
        "title": "CivitavecchiaFS",
        "dataPolicy": "The data is not available to third parties",
        "organization": [
          "CMCC"
        ],
        "otherLinks": "",
        "numericalModel": "SHYFEM - System of HydrodYnamic Finite Element Modules",
        "atmosphericModel": "IFS",
        "oceanBasins": [
          "Mediterranean and Black Seas"
        ],
        "typeOfSystem": "Circulation",
        "applications": [
          "Disaster risk reduction",
          "Enviromental management",
          "Coastal Hazards",
          "Oil spill fight",
          "Research"
        ],
        "variablesUsed": [
          "Atmospheric pressure",
          "Freshwater flow",
          "Variables to compute bulk heat flow formulation"
        ],
        "essentialOceanVariables": []
      }
    },
    {
      "type": "Feature",
      "geometry": {
        "type": "Polygon",
        "coordinates": [
          [
            [
              16.4,
              38.89
            ],
            [
              16.4,
              40.75
            ],
            [
              17.17,
              40.75
            ],
            [
              17.17,
              38.89
            ],
            [
              16.4,
              38.89
            ]
          ]
        ]
      },
      "properties": {
        "title": "TarantoFS",
        "dataPolicy": "The data is not available to third parties",
        "organization": [
          "CMCC"
        ],
        "otherLinks": "",
        "numericalModel": "SHYFEM - System of HydrodYnamic Finite Element Modules",
        "atmosphericModel": "IFS",
        "oceanBasins": [
          "Mediterranean and Black Seas"
        ],
        "typeOfSystem": "Circulation",
        "applications": [
          "Disaster risk reduction",
          "Coastal Hazards",
          "Oil spill fight",
          "Research"
        ],
        "variablesUsed": [
          "Atmospheric pressure",
          "Variables to compute bulk heat flow formulation",
          "Wind"
        ],
        "essentialOceanVariables": []
      }
    },
    {
      "type": "Feature",
      "geometry": {
        "type": "Polygon",
        "coordinates": [
          [
            [
              12.28,
              41.4
            ],
            [
              12.28,
              42.04
            ],
            [
              12.16,
              42.04
            ],
            [
              12.16,
              41.4
            ],
            [
              12.28,
              41.4
            ]
          ]
        ]
      },
      "properties": {
        "title": "FiumicinoFS",
        "dataPolicy": "The data is not available to third parties",
        "organization": [
          "CMCC"
        ],
        "otherLinks": "",
        "numericalModel": "SHYFEM - System of HydrodYnamic Finite Element Modules",
        "atmosphericModel": "IFS",
        "oceanBasins": [
          "Mediterranean and Black Seas"
        ],
        "typeOfSystem": "Circulation",
        "applications": [
          "Enviromental management",
          "Coastal Hazards",
          "Oil spill fight",
          "Port Management",
          "Research"
        ],
        "variablesUsed": [
          "Atmospheric pressure",
          "Variables to compute bulk heat flow formulation",
          "Wind"
        ],
        "essentialOceanVariables": []
      }
    },
    {
      "type": "Feature",
      "geometry": {
        "type": "Polygon",
        "coordinates": [
          [
            [
              18.45,
              40.05
            ],
            [
              18.45,
              40.23
            ],
            [
              18.6,
              40.23
            ],
            [
              18.6,
              40.05
            ],
            [
              18.45,
              40.05
            ]
          ]
        ]
      },
      "properties": {
        "title": "OtrantoFS",
        "dataPolicy": "The data is not available to third parties",
        "organization": [
          "CMCC"
        ],
        "otherLinks": "",
        "numericalModel": "SHYFEM - System of HydrodYnamic Finite Element Modules",
        "atmosphericModel": "IFS",
        "oceanBasins": [
          "Mediterranean and Black Seas"
        ],
        "typeOfSystem": "Circulation",
        "applications": [
          "Coastal Hazards",
          "Oil spill fight",
          "Port Management",
          "Research"
        ],
        "variablesUsed": [
          "Atmospheric pressure",
          "Variables to compute bulk heat flow formulation",
          "Wind"
        ],
        "essentialOceanVariables": []
      }
    },
    {
      "type": "Feature",
      "geometry": {
        "type": "Polygon",
        "coordinates": [
          [
            [
              18.33,
              39.8
            ],
            [
              18.33,
              43.73
            ],
            [
              16.35,
              43.73
            ],
            [
              16.35,
              39.8
            ],
            [
              18.33,
              39.8
            ]
          ]
        ]
      },
      "properties": {
        "title": "Soap",
        "dataPolicy": "The data is not available to third parties",
        "organization": [
          "CMCC"
        ],
        "otherLinks": "",
        "numericalModel": "SHYFEM - System of HydrodYnamic Finite Element Modules",
        "atmosphericModel": "IFS",
        "oceanBasins": [
          "Mediterranean and Black Seas"
        ],
        "typeOfSystem": "Circulation",
        "applications": [
          "Research",
          "Disaster risk reduction",
          "Coastal Hazards",
          "Oil spill fight"
        ],
        "variablesUsed": [
          "Atmospheric pressure",
          "Freshwater flow",
          "Variables to compute bulk heat flow formulation",
          "Wind"
        ],
        "essentialOceanVariables": []
      }
    },
    {
      "type": "Feature",
      "geometry": {
        "type": "Polygon",
        "coordinates": [
          [
            [
              3.806,
              39.986
            ],
            [
              3.806,
              40.002
            ],
            [
              3.836,
              40.002
            ],
            [
              3.836,
              39.986
            ],
            [
              3.806,
              39.986
            ]
          ]
        ]
      },
      "properties": {
        "title": "Balearic Rissaga Forecasting System (BRIFS)",
        "dataPolicy": "All or part of the data is available under some type of license that implies a cost or specific agreement",
        "organization": [
          "Balearic Islands Coastal Observing and Forecasting System",
          "Mediterranean Institute for Advanced Studies (IMEDEA, CSIC-UIB)"
        ],
        "otherLinks": "",
        "numericalModel": "ROMS - The Regional Ocean Modeling System",
        "atmosphericModel": "WRF",
        "oceanBasins": [
          "Mediterranean and Black Seas"
        ],
        "typeOfSystem": "Meteotsunamis",
        "applications": [
          "Coastal Hazards"
        ],
        "variablesUsed": [
          "Atmospheric pressure"
        ],
        "essentialOceanVariables": []
      }
    },
    {
      "type": "Feature",
      "geometry": {
        "type": "Polygon",
        "coordinates": [
          [
            [
              -3.4,
              43.24
            ],
            [
              -3.4,
              44.0
            ],
            [
              -1.3,
              44.0
            ],
            [
              -1.3,
              43.24
            ],
            [
              -3.4,
              43.24
            ]
          ]
        ]
      },
      "properties": {
        "title": "EUSCOMvu",
        "dataPolicy": "All generated data is freely available",
        "organization": [
          "AZTI"
        ],
        "otherLinks": "",
        "numericalModel": "CROCO - Coastal and Regional Ocean COmmunity Model",
        "atmosphericModel": "WRF",
        "oceanBasins": [
          "North-East Atlantic"
        ],
        "typeOfSystem": "Circulation",
        "applications": [
          "Aquaculture",
          "Enviromental management",
          "Coastal Hazards",
          "Harmful Algae Bloom",
          "Oil spill fight",
          "Research",
          "Search and rescue"
        ],
        "variablesUsed": [
          "Variables to compute bulk heat flow formulation",
          "Wind"
        ],
        "essentialOceanVariables": []
      }
    },
    {
      "type": "Feature",
      "geometry": {
        "type": "Polygon",
        "coordinates": [
          [
            [
              -5.45,
              36.1849
            ],
            [
              -5.45,
              36.063
            ],
            [
              -5.34,
              36.063
            ],
            [
              -5.34,
              36.1849
            ],
            [
              -5.45,
              36.1849
            ]
          ]
        ]
      },
      "properties": {
        "title": "SAMPA BAL (Bah\u00eda de Algeciras)",
        "dataPolicy": "All generated data is freely available",
        "organization": [
          "Puertos del Estado"
        ],
        "otherLinks": "",
        "numericalModel": "MITgcm - M.I.T. General Circulation Model",
        "atmosphericModel": "HARMONIE-AROME",
        "oceanBasins": [
          "Mediterranean and Black Seas"
        ],
        "typeOfSystem": "Circulation",
        "applications": [
          "Coastal Hazards",
          "Oil spill fight"
        ],
        "variablesUsed": [
          "Wind"
        ],
        "essentialOceanVariables": []
      }
    },
    {
      "type": "Feature",
      "geometry": {
        "type": "Polygon",
        "coordinates": [
          [
            [
              -5.41,
              36.15
            ],
            [
              -5.41,
              36.11
            ],
            [
              -5.44,
              36.11
            ],
            [
              -5.44,
              36.15
            ],
            [
              -5.41,
              36.15
            ]
          ]
        ]
      },
      "properties": {
        "title": "SAMPA ALG (Puerto Algeciras)",
        "dataPolicy": "All generated data is freely available",
        "organization": [
          "Puertos del Estado"
        ],
        "otherLinks": "",
        "numericalModel": "MITgcm - M.I.T. General Circulation Model",
        "atmosphericModel": null,
        "oceanBasins": [
          "Mediterranean and Black Seas"
        ],
        "typeOfSystem": "Circulation",
        "applications": [
          "Port Management"
        ],
        "variablesUsed": [],
        "essentialOceanVariables": []
      }
    },
    {
      "type": "Feature",
      "geometry": {
        "type": "Polygon",
        "coordinates": [
          [
            [
              -5.35,
              36.18
            ],
            [
              -5.35,
              36.15
            ],
            [
              -5.43,
              36.15
            ],
            [
              -5.43,
              36.18
            ],
            [
              -5.35,
              36.18
            ]
          ]
        ]
      },
      "properties": {
        "title": "SAMPA CAM (Puerto Campamento)",
        "dataPolicy": "All generated data is freely available",
        "organization": [
          "Puertos del Estado"
        ],
        "otherLinks": "",
        "numericalModel": "MITgcm - M.I.T. General Circulation Model",
        "atmosphericModel": null,
        "oceanBasins": [
          "Mediterranean and Black Seas"
        ],
        "typeOfSystem": "Circulation",
        "applications": [
          "Port Management"
        ],
        "variablesUsed": [],
        "essentialOceanVariables": []
      }
    },
    {
      "type": "Feature",
      "geometry": {
        "type": "Polygon",
        "coordinates": [
          [
            [
              -0.36,
              38.38
            ],
            [
              -0.36,
              38.24
            ],
            [
              -0.54,
              38.24
            ],
            [
              -0.54,
              38.38
            ],
            [
              -0.36,
              38.38
            ]
          ]
        ]
      },
      "properties": {
        "title": "SAMOA PRT-ALI (Puerto Alicante)",
        "dataPolicy": "All generated data is freely available",
        "organization": [
          "Puertos del Estado"
        ],
        "otherLinks": "",
        "numericalModel": "ROMS - The Regional Ocean Modeling System",
        "atmosphericModel": null,
        "oceanBasins": [
          "Mediterranean and Black Seas"
        ],
        "typeOfSystem": "Circulation",
        "applications": [
          "Port Management"
        ],
        "variablesUsed": [],
        "essentialOceanVariables": []
      }
    },
    {
      "type": "Feature",
      "geometry": {
        "type": "Polygon",
        "coordinates": [
          [
            [
              -9.65,
              38.16
            ],
            [
              -9.65,
              38.958
            ],
            [
              -8.656,
              38.958
            ],
            [
              -8.656,
              38.16
            ],
            [
              -9.65,
              38.16
            ]
          ]
        ]
      },
      "properties": {
        "title": "LisOcean",
        "dataPolicy": "All generated data is freely available",
        "organization": [
          "+ATLANTIC CoLAB"
        ],
        "otherLinks": "https://github.com/Mohid-Water-Modelling-System",
        "numericalModel": "MOHID - MOdelo HIDrodin\u00e2mico",
        "atmosphericModel": "HARMONIE-AROME",
        "oceanBasins": [
          "North-East Atlantic"
        ],
        "typeOfSystem": "Circulation",
        "applications": [
          "Aquaculture",
          "Climate prediction",
          "Enviromental management",
          "Coastal Hazards",
          "Oil spill fight",
          "Port Management",
          "Research",
          "Search and rescue"
        ],
        "variablesUsed": [
          "Atmospheric pressure",
          "Wind",
          "Variables to compute bulk heat flow formulation"
        ],
        "essentialOceanVariables": []
      }
    },
    {
      "type": "Feature",
      "geometry": {
        "type": "Polygon",
        "coordinates": [
          [
            [
              30.0,
              10.0
            ],
            [
              30.0,
              30.0
            ],
            [
              50.0,
              30.0
            ],
            [
              50.0,
              10.0
            ],
            [
              30.0,
              10.0
            ]
          ]
        ]
      },
      "properties": {
        "title": "The high-resoultion Red Sea forecasting system ",
        "dataPolicy": "The data is not available to third parties",
        "organization": [
          "King Abdullah University of Science and Technology (KAUST), Saudi Arabia"
        ],
        "otherLinks": "",
        "numericalModel": "MITgcm - M.I.T. General Circulation Model",
        "atmosphericModel": null,
        "oceanBasins": [
          "Indian Seas",
          "African seas"
        ],
        "typeOfSystem": "Circulation",
        "applications": [
          "Climate prediction",
          "Coastal Hazards",
          "Harmful Algae Bloom",
          "Oil spill fight",
          "Research",
          "Search and rescue",
          "Ship-routing",
          "Tourism"
        ],
        "variablesUsed": [],
        "essentialOceanVariables": [
          "Currents",
          "Salinity",
          "Sea surface height (sea level)",
          "Temperature"
        ]
      }
    },
    {
      "type": "Feature",
      "geometry": {
        "type": "Polygon",
        "coordinates": [
          [
            [
              -5.73,
              43.6
            ],
            [
              -5.73,
              43.54
            ],
            [
              -5.64,
              43.54
            ],
            [
              -5.64,
              43.6
            ],
            [
              -5.73,
              43.6
            ]
          ]
        ]
      },
      "properties": {
        "title": "Agitaci\u00f3n Gij\u00f3n",
        "dataPolicy": "All generated data is freely available",
        "organization": [
          "Puertos del Estado"
        ],
        "otherLinks": "",
        "numericalModel": "Other wave model",
        "atmosphericModel": null,
        "oceanBasins": [
          "North-East Atlantic"
        ],
        "typeOfSystem": "Waves",
        "applications": [
          "Port Management"
        ],
        "variablesUsed": [],
        "essentialOceanVariables": []
      }
    },
    {
      "type": "Feature",
      "geometry": {
        "type": "Polygon",
        "coordinates": [
          [
            [
              13.5678,
              45.5225
            ],
            [
              13.5678,
              45.603
            ],
            [
              13.7468,
              45.603
            ],
            [
              13.7468,
              45.5225
            ],
            [
              13.5678,
              45.5225
            ]
          ]
        ]
      },
      "properties": {
        "title": "Delft3D_KPGulf",
        "dataPolicy": "All generated data is freely available",
        "organization": [
          "National Institute of Biology "
        ],
        "otherLinks": "",
        "numericalModel": "Delft3D",
        "atmosphericModel": null,
        "oceanBasins": [
          "Mediterranean and Black Seas"
        ],
        "typeOfSystem": "Circulation",
        "applications": [
          "Aquaculture",
          "Disaster risk reduction",
          "Enviromental management",
          "Coastal Hazards",
          "Oil spill fight",
          "Research",
          "Tourism"
        ],
        "variablesUsed": [
          "Atmospheric pressure",
          "Freshwater flow",
          "Wind"
        ],
        "essentialOceanVariables": []
      }
    },
    {
      "type": "Feature",
      "geometry": {
        "type": "Polygon",
        "coordinates": [
          [
            [
              -65.0,
              -7.0
            ],
            [
              -65.0,
              90.0
            ],
            [
              180.0,
              90.0
            ],
            [
              180.0,
              -7.0
            ],
            [
              -65.0,
              -7.0
            ]
          ]
        ]
      },
      "properties": {
        "title": "DMI-Arctic",
        "dataPolicy": "All or part of the data is available under some type of license that implies a cost or specific agreement",
        "organization": [
          "Danmarks Meteorologiske Institut"
        ],
        "otherLinks": "",
        "numericalModel": "HYCOM-CICE-ESMF",
        "atmosphericModel": "IFS",
        "oceanBasins": [
          "Arctic"
        ],
        "typeOfSystem": "Circulation",
        "applications": [
          "Navigation support",
          "Oil spill fight"
        ],
        "variablesUsed": [
          "Atmospheric pressure",
          "Variables to compute bulk heat flow formulation"
        ],
        "essentialOceanVariables": [
          "Currents",
          "Salinity",
          "Sea ice concentration",
          "Sea surface height (sea level)",
          "Temperature"
        ]
      }
    },
    {
      "type": "Feature",
      "geometry": {
        "type": "Polygon",
        "coordinates": [
          [
            [
              -4.6,
              58.0
            ],
            [
              -4.6,
              70.0
            ],
            [
              37.6,
              70.0
            ],
            [
              37.6,
              58.0
            ],
            [
              -4.6,
              58.0
            ]
          ]
        ]
      },
      "properties": {
        "title": "NORKYST",
        "dataPolicy": "All generated data is freely available",
        "organization": [
          "Norwegian Meteorological Institute"
        ],
        "otherLinks": "",
        "numericalModel": "ROMS - The Regional Ocean Modeling System",
        "atmosphericModel": "HARMONIE-AROME",
        "oceanBasins": [
          "North-East Atlantic"
        ],
        "typeOfSystem": "Circulation",
        "applications": [
          "Aquaculture",
          "Disaster risk reduction",
          "Enviromental management",
          "Coastal Hazards",
          "Offshore energy",
          "Oil spill fight",
          "Research",
          "Search and rescue",
          "Ship-routing"
        ],
        "variablesUsed": [
          "Atmospheric pressure",
          "Freshwater flow",
          "Heat flow",
          "Variables to compute bulk heat flow formulation",
          "Wind"
        ],
        "essentialOceanVariables": []
      }
    },
    {
      "type": "Feature",
      "geometry": {
        "type": "Polygon",
        "coordinates": [
          [
            [
              -68.0,
              -45.5
            ],
            [
              -68.0,
              10.2
            ],
            [
              -24.0,
              10.2
            ],
            [
              -24.0,
              -45.5
            ],
            [
              -68.0,
              -45.5
            ]
          ]
        ]
      },
      "properties": {
        "title": "HYCOM",
        "dataPolicy": "All or part of the data is available under some type of license that implies a cost or specific agreement",
        "organization": [
          "Centro de Hidrografia da Marinha do Brasil"
        ],
        "otherLinks": "",
        "numericalModel": "HYCOM",
        "atmosphericModel": "GFS",
        "oceanBasins": [
          "South and central America"
        ],
        "typeOfSystem": "Circulation",
        "applications": [
          "Navigation support",
          "Offshore energy",
          "Oil spill fight",
          "Port Management",
          "Search and rescue"
        ],
        "variablesUsed": [
          "Wind"
        ],
        "essentialOceanVariables": [
          "Salinity",
          "Sea surface height (sea level)",
          "Temperature"
        ]
      }
    },
    {
      "type": "Feature",
      "geometry": {
        "type": "Polygon",
        "coordinates": [
          [
            [
              30.0,
              -30.0
            ],
            [
              30.0,
              30.0
            ],
            [
              120.0,
              30.0
            ],
            [
              120.0,
              -30.0
            ],
            [
              30.0,
              -30.0
            ]
          ]
        ]
      },
      "properties": {
        "title": "INCOIS-Regional-ROMS",
        "dataPolicy": "All or part of the data is available under some type of license that implies a cost or specific agreement",
        "organization": [
          "INCOIS (INDIAN NATIONAL CENTRE FOR OCEAN INFORMATION SERVICES)"
        ],
        "otherLinks": "",
        "numericalModel": "ROMS - The Regional Ocean Modeling System",
        "atmosphericModel": "Unified model",
        "oceanBasins": [
          "Indian Seas"
        ],
        "typeOfSystem": "Circulation",
        "applications": [
          "Disaster risk reduction",
          "Enviromental management",
          "Coastal Hazards",
          "Fisheries",
          "Navigation support",
          "Oil spill fight",
          "Research",
          "Search and rescue"
        ],
        "variablesUsed": [
          "Atmospheric pressure",
          "Variables to compute bulk heat flow formulation",
          "Wind"
        ],
        "essentialOceanVariables": [
          "Salinity",
          "Sea surface height (sea level)",
          "Temperature"
        ]
      }
    },
    {
      "type": "Feature",
      "geometry": {
        "type": "Polygon",
        "coordinates": [
          [
            [
              -110.0,
              24.0
            ],
            [
              -110.0,
              54.0
            ],
            [
              -135.0,
              54.0
            ],
            [
              -135.0,
              24.0
            ],
            [
              -110.0,
              24.0
            ]
          ]
        ]
      },
      "properties": {
        "title": "West Coast Operational Ocean Forecast System (WCOFS)",
        "dataPolicy": "All generated data is freely available",
        "organization": [
          "National Oceanic and Atmospheric Administration"
        ],
        "otherLinks": "",
        "numericalModel": "ROMS - The Regional Ocean Modeling System",
        "atmosphericModel": "GFS",
        "oceanBasins": [
          "North America"
        ],
        "typeOfSystem": "Circulation",
        "applications": [
          "Enviromental management",
          "Coastal Hazards",
          "Navigation support",
          "Port Management",
          "Recreational navigation",
          "Search and rescue",
          "Ship-routing"
        ],
        "variablesUsed": [],
        "essentialOceanVariables": []
      }
    },
    {
      "type": "Feature",
      "geometry": {
        "type": "Polygon",
        "coordinates": [
          [
            [
              -18.125,
              30.1875
            ],
            [
              -18.125,
              45.9792
            ],
            [
              36.2917,
              45.9792
            ],
            [
              36.2917,
              30.1875
            ],
            [
              -18.125,
              30.1875
            ]
          ]
        ]
      },
      "properties": {
        "title": "Mediterranean Sea Waves Analysis and Forecast (CMEMS)",
        "dataPolicy": "All generated data is freely available",
        "organization": [
          "HCMR"
        ],
        "otherLinks": "https://github.com/mywave/WAM",
        "numericalModel": "WAM - Wave model",
        "atmosphericModel": "IFS",
        "oceanBasins": [
          "Mediterranean and Black Seas"
        ],
        "typeOfSystem": "Waves",
        "applications": [
          "Disaster risk reduction",
          "Coastal Hazards",
          "Fisheries",
          "Navigation support",
          "Offshore energy",
          "Recreational navigation",
          "Research",
          "Search and rescue",
          "Ship-routing",
          "Tourism"
        ],
        "variablesUsed": [
          "Wind"
        ],
        "essentialOceanVariables": [
          "Sea State (waves)"
        ]
      }
    },
    {
      "type": "Feature",
      "geometry": {
        "type": "Polygon",
        "coordinates": [
          [
            [
              -7.0,
              30.25
            ],
            [
              -7.0,
              45.75
            ],
            [
              36.0,
              45.75
            ],
            [
              36.0,
              30.25
            ],
            [
              -7.0,
              30.25
            ]
          ]
        ]
      },
      "properties": {
        "title": "POSEIDON MED Circulation",
        "dataPolicy": "All generated data is freely available",
        "organization": [
          "HCMR"
        ],
        "otherLinks": "",
        "numericalModel": "POM - Princeton Ocean Model",
        "atmosphericModel": "POSEIDON WEATHER FORECASTING SYSTEM (ETA)",
        "oceanBasins": [
          "Mediterranean and Black Seas"
        ],
        "typeOfSystem": "Circulation",
        "applications": [
          "Coastal Hazards",
          "Navigation support",
          "Research",
          "Search and rescue",
          "Tourism"
        ],
        "variablesUsed": [
          "Atmospheric pressure",
          "Freshwater flow",
          "Variables to compute bulk heat flow formulation",
          "Wind"
        ],
        "essentialOceanVariables": [
          "Salinity",
          "Sea surface height (sea level)",
          "Temperature"
        ]
      }
    },
    {
      "type": "Feature",
      "geometry": {
        "type": "Polygon",
        "coordinates": [
          [
            [
              -98.0,
              22.0
            ],
            [
              -98.0,
              31.0
            ],
            [
              -85.0,
              31.0
            ],
            [
              -85.0,
              22.0
            ],
            [
              -98.0,
              22.0
            ]
          ]
        ]
      },
      "properties": {
        "title": "Northern Gulf Operational Forecast System (NGOFS2)",
        "dataPolicy": "All generated data is freely available",
        "organization": [
          "National Oceanic and Atmospheric Administration"
        ],
        "otherLinks": "",
        "numericalModel": "FVCOM - Finite Volume Community Ocean Model",
        "atmosphericModel": null,
        "oceanBasins": [
          "North America"
        ],
        "typeOfSystem": "Circulation",
        "applications": [
          "Coastal Hazards",
          "Navigation support",
          "Search and rescue",
          "Ship-routing"
        ],
        "variablesUsed": [],
        "essentialOceanVariables": []
      }
    },
    {
      "type": "Feature",
      "geometry": {
        "type": "Polygon",
        "coordinates": [
          [
            [
              -100.260607,
              25.769954
            ],
            [
              -100.260607,
              44.905926
            ],
            [
              -66.993237,
              44.905926
            ],
            [
              -66.993237,
              25.769954
            ],
            [
              -100.260607,
              25.769954
            ]
          ]
        ]
      },
      "properties": {
        "title": "Coastal Ocean Reanalysis (CORA) for the Gulf of Mexico, Atlantic, and Caribbean",
        "dataPolicy": "All generated data is freely available",
        "organization": [
          "National Oceanic and Atmospheric Administration"
        ],
        "otherLinks": "https://github.com/RENCI/edsreanalysisdoc",
        "numericalModel": "ADCIRC - ADvanced CIRCulation model",
        "atmosphericModel": "era5",
        "oceanBasins": [
          "North America"
        ],
        "typeOfSystem": "Waves",
        "applications": [
          "Coastal Hazards"
        ],
        "variablesUsed": [
          "Atmospheric pressure",
          "Wind"
        ],
        "essentialOceanVariables": [
          "Sea State (waves)",
          "Sea surface height (sea level)"
        ]
      }
    },
    {
      "type": "Feature",
      "geometry": {
        "type": "Polygon",
        "coordinates": [
          [
            [
              -56.0,
              68.0
            ],
            [
              -56.0,
              72.0
            ],
            [
              -50.0,
              72.0
            ],
            [
              -50.0,
              68.0
            ],
            [
              -56.0,
              68.0
            ]
          ]
        ]
      },
      "properties": {
        "title": "DMI - Disko",
        "dataPolicy": "All or part of the data is available under some type of license that implies a cost or specific agreement",
        "organization": [
          "Danmarks Meteorologiske Institut"
        ],
        "otherLinks": "",
        "numericalModel": "HYCOM-CICE-ESMF",
        "atmosphericModel": "IFS",
        "oceanBasins": [
          "Arctic"
        ],
        "typeOfSystem": "Circulation",
        "applications": [
          "Enviromental management",
          "Navigation support",
          "Oil spill fight"
        ],
        "variablesUsed": [
          "Atmospheric pressure",
          "Variables to compute bulk heat flow formulation",
          "Wind"
        ],
        "essentialOceanVariables": [
          "Currents",
          "Salinity",
          "Sea ice concentration",
          "Sea surface height (sea level)",
          "Temperature"
        ]
      }
    },
    {
      "type": "Feature",
      "geometry": {
        "type": "Polygon",
        "coordinates": [
          [
            [
              -5.8,
              34.9
            ],
            [
              -5.8,
              44.7
            ],
            [
              9.2,
              44.7
            ],
            [
              9.2,
              34.9
            ],
            [
              -5.8,
              34.9
            ]
          ]
        ]
      },
      "properties": {
        "title": "Western Mediterranean Operational Forecasting System (WMOP)",
        "dataPolicy": "All generated data is freely available",
        "organization": [
          "Balearic Islands Coastal Observing and Forecasting System",
          "Mediterranean Institute for Advanced Studies (IMEDEA, CSIC-UIB)"
        ],
        "otherLinks": "",
        "numericalModel": "ROMS - The Regional Ocean Modeling System",
        "atmosphericModel": "HARMONIE-AROME",
        "oceanBasins": [
          "Mediterranean and Black Seas"
        ],
        "typeOfSystem": "Circulation",
        "applications": [
          "Enviromental management",
          "Fisheries",
          "Oil spill fight",
          "Research",
          "Search and rescue",
          "Tourism"
        ],
        "variablesUsed": [
          "Atmospheric pressure",
          "Variables to compute bulk heat flow formulation",
          "Wind"
        ],
        "essentialOceanVariables": [
          "Currents",
          "Salinity",
          "Sea surface height (sea level)",
          "Temperature"
        ]
      }
    },
    {
      "type": "Feature",
      "geometry": {
        "type": "Polygon",
        "coordinates": [
          [
            [
              46.0,
              10.0
            ],
            [
              46.0,
              30.0
            ],
            [
              60.0,
              30.0
            ],
            [
              60.0,
              10.0
            ],
            [
              46.0,
              10.0
            ]
          ]
        ]
      },
      "properties": {
        "title": "High resolution Arabian Gulf reanalysis and forecasting system",
        "dataPolicy": "The data is not available to third parties",
        "organization": [
          "King Abdullah University of Science and Technology (KAUST), Saudi Arabia"
        ],
        "otherLinks": "",
        "numericalModel": "MITgcm - M.I.T. General Circulation Model",
        "atmosphericModel": null,
        "oceanBasins": [
          "Indian Seas",
          "African seas"
        ],
        "typeOfSystem": "Circulation",
        "applications": [
          "Climate prediction",
          "Coastal Hazards",
          "Harmful Algae Bloom",
          "Oil spill fight",
          "Research",
          "Search and rescue",
          "Ship-routing",
          "Tourism"
        ],
        "variablesUsed": [],
        "essentialOceanVariables": [
          "Currents",
          "Salinity",
          "Sea surface height (sea level)",
          "Temperature"
        ]
      }
    },
    {
      "type": "Feature",
      "geometry": {
        "type": "Polygon",
        "coordinates": [
          [
            [
              -78.0,
              35.0
            ],
            [
              -78.0,
              40.0
            ],
            [
              -74.0,
              40.0
            ],
            [
              -74.0,
              35.0
            ],
            [
              -78.0,
              35.0
            ]
          ]
        ]
      },
      "properties": {
        "title": "Chesapeake Bay Operational Forecast System (CBOFS)",
        "dataPolicy": "All generated data is freely available",
        "organization": [
          "National Oceanic and Atmospheric Administration"
        ],
        "otherLinks": "",
        "numericalModel": "ROMS - The Regional Ocean Modeling System",
        "atmosphericModel": null,
        "oceanBasins": [
          "North America"
        ],
        "typeOfSystem": "Circulation",
        "applications": [
          "Coastal Hazards",
          "Navigation support",
          "Search and rescue",
          "Ship-routing"
        ],
        "variablesUsed": [],
        "essentialOceanVariables": []
      }
    },
    {
      "type": "Feature",
      "geometry": {
        "type": "Polygon",
        "coordinates": [
          [
            [
              -76.0,
              37.5
            ],
            [
              -76.0,
              40.0
            ],
            [
              -73.0,
              40.0
            ],
            [
              -73.0,
              37.5
            ],
            [
              -76.0,
              37.5
            ]
          ]
        ]
      },
      "properties": {
        "title": "Delaware Bay Operational Forecast System (DBOFS)",
        "dataPolicy": "All generated data is freely available",
        "organization": [
          "National Oceanic and Atmospheric Administration"
        ],
        "otherLinks": "",
        "numericalModel": "ROMS - The Regional Ocean Modeling System",
        "atmosphericModel": null,
        "oceanBasins": [
          "North America"
        ],
        "typeOfSystem": "Circulation",
        "applications": [
          "Coastal Hazards",
          "Navigation support",
          "Search and rescue",
          "Ship-routing"
        ],
        "variablesUsed": [],
        "essentialOceanVariables": []
      }
    },
    {
      "type": "Feature",
      "geometry": {
        "type": "Polygon",
        "coordinates": [
          [
            [
              -72.2,
              38.0
            ],
            [
              -72.2,
              46.5
            ],
            [
              -60.0,
              46.5
            ],
            [
              -60.0,
              38.0
            ],
            [
              -72.2,
              38.0
            ]
          ]
        ]
      },
      "properties": {
        "title": "Gulf of Maine Operational Forecast System (GoMOFS)",
        "dataPolicy": "All generated data is freely available",
        "organization": [
          "National Oceanic and Atmospheric Administration"
        ],
        "otherLinks": "",
        "numericalModel": "ROMS - The Regional Ocean Modeling System",
        "atmosphericModel": null,
        "oceanBasins": [
          "North America"
        ],
        "typeOfSystem": "Circulation",
        "applications": [
          "Coastal Hazards",
          "Navigation support",
          "Search and rescue",
          "Ship-routing"
        ],
        "variablesUsed": [],
        "essentialOceanVariables": []
      }
    },
    {
      "type": "Feature",
      "geometry": {
        "type": "Polygon",
        "coordinates": [
          [
            [
              -83.2,
              27.0
            ],
            [
              -83.2,
              28.1
            ],
            [
              -82.0,
              28.1
            ],
            [
              -82.0,
              27.0
            ],
            [
              -83.2,
              27.0
            ]
          ]
        ]
      },
      "properties": {
        "title": "Tampa Bay Operational Forecast System (TBOFS)",
        "dataPolicy": "All generated data is freely available",
        "organization": [
          "National Oceanic and Atmospheric Administration"
        ],
        "otherLinks": "",
        "numericalModel": "ROMS - The Regional Ocean Modeling System",
        "atmosphericModel": null,
        "oceanBasins": [
          "North America"
        ],
        "typeOfSystem": "Circulation",
        "applications": [
          "Coastal Hazards",
          "Navigation support",
          "Search and rescue",
          "Ship-routing"
        ],
        "variablesUsed": [],
        "essentialOceanVariables": []
      }
    },
    {
      "type": "Feature",
      "geometry": {
        "type": "Polygon",
        "coordinates": [
          [
            [
              -157.0,
              53.0
            ],
            [
              -157.0,
              62.0
            ],
            [
              -147.0,
              62.0
            ],
            [
              -147.0,
              53.0
            ],
            [
              -157.0,
              53.0
            ]
          ]
        ]
      },
      "properties": {
        "title": "Cook Inlet Operational Forecast System (CIOFS)",
        "dataPolicy": "All generated data is freely available",
        "organization": [
          "National Oceanic and Atmospheric Administration"
        ],
        "otherLinks": "",
        "numericalModel": "ROMS - The Regional Ocean Modeling System",
        "atmosphericModel": null,
        "oceanBasins": [
          "North America"
        ],
        "typeOfSystem": "Circulation",
        "applications": [
          "Coastal Hazards",
          "Navigation support",
          "Search and rescue",
          "Ship-routing"
        ],
        "variablesUsed": [],
        "essentialOceanVariables": []
      }
    },
    {
      "type": "Feature",
      "geometry": {
        "type": "Polygon",
        "coordinates": [
          [
            [
              -130.0,
              44.0
            ],
            [
              -130.0,
              52.0
            ],
            [
              -122.0,
              52.0
            ],
            [
              -122.0,
              44.0
            ],
            [
              -130.0,
              44.0
            ]
          ]
        ]
      },
      "properties": {
        "title": "Salish Sea and Columbia River Operational Forecast System (SSCOFS)",
        "dataPolicy": "All generated data is freely available",
        "organization": [
          "National Oceanic and Atmospheric Administration"
        ],
        "otherLinks": "",
        "numericalModel": "FVCOM - Finite Volume Community Ocean Model",
        "atmosphericModel": null,
        "oceanBasins": [
          "North America"
        ],
        "typeOfSystem": "Circulation",
        "applications": [
          "Coastal Hazards",
          "Navigation support",
          "Search and rescue",
          "Ship-routing"
        ],
        "variablesUsed": [],
        "essentialOceanVariables": []
      }
    },
    {
      "type": "Feature",
      "geometry": {
        "type": "Polygon",
        "coordinates": [
          [
            [
              -123.1,
              37.3
            ],
            [
              -123.1,
              38.2
            ],
            [
              -121.5,
              38.2
            ],
            [
              -121.5,
              37.3
            ],
            [
              -123.1,
              37.3
            ]
          ]
        ]
      },
      "properties": {
        "title": "San Francisco Bay Operational Forecast System (SFBOFS)",
        "dataPolicy": "All generated data is freely available",
        "organization": [
          "National Oceanic and Atmospheric Administration"
        ],
        "otherLinks": "",
        "numericalModel": "FVCOM - Finite Volume Community Ocean Model",
        "atmosphericModel": null,
        "oceanBasins": [
          "North America"
        ],
        "typeOfSystem": "Circulation",
        "applications": [
          "Coastal Hazards",
          "Navigation support",
          "Search and rescue",
          "Ship-routing"
        ],
        "variablesUsed": [],
        "essentialOceanVariables": []
      }
    },
    {
      "type": "Feature",
      "geometry": {
        "type": "Polygon",
        "coordinates": [
          [
            [
              -84.0,
              41.0
            ],
            [
              -84.0,
              43.0
            ],
            [
              -78.0,
              43.0
            ],
            [
              -78.0,
              41.0
            ],
            [
              -84.0,
              41.0
            ]
          ]
        ]
      },
      "properties": {
        "title": "Lake Erie Operational Forecast System (LEOFS)",
        "dataPolicy": "All generated data is freely available",
        "organization": [
          "National Oceanic and Atmospheric Administration"
        ],
        "otherLinks": "",
        "numericalModel": "FVCOM - Finite Volume Community Ocean Model",
        "atmosphericModel": null,
        "oceanBasins": [
          "North America"
        ],
        "typeOfSystem": "Circulation",
        "applications": [
          "Coastal Hazards",
          "Navigation support",
          "Search and rescue",
          "Ship-routing"
        ],
        "variablesUsed": [],
        "essentialOceanVariables": []
      }
    },
    {
      "type": "Feature",
      "geometry": {
        "type": "Polygon",
        "coordinates": [
          [
            [
              -88.0,
              41.5
            ],
            [
              -88.0,
              47.0
            ],
            [
              -79.0,
              47.0
            ],
            [
              -79.0,
              41.5
            ],
            [
              -88.0,
              41.5
            ]
          ]
        ]
      },
      "properties": {
        "title": "Lake Michigan and Huron Operational Forecast System (LMHOFS)",
        "dataPolicy": "All generated data is freely available",
        "organization": [
          "National Oceanic and Atmospheric Administration"
        ],
        "otherLinks": "",
        "numericalModel": "FVCOM - Finite Volume Community Ocean Model",
        "atmosphericModel": null,
        "oceanBasins": [
          "North America"
        ],
        "typeOfSystem": "Circulation",
        "applications": [
          "Coastal Hazards",
          "Navigation support",
          "Search and rescue",
          "Ship-routing"
        ],
        "variablesUsed": [],
        "essentialOceanVariables": []
      }
    },
    {
      "type": "Feature",
      "geometry": {
        "type": "Polygon",
        "coordinates": [
          [
            [
              -80.0,
              42.8
            ],
            [
              -80.0,
              44.6
            ],
            [
              -76.0,
              44.6
            ],
            [
              -76.0,
              42.8
            ],
            [
              -80.0,
              42.8
            ]
          ]
        ]
      },
      "properties": {
        "title": "Lake Ontario Operational Forecast System (LOOFS)",
        "dataPolicy": "All generated data is freely available",
        "organization": [
          "National Oceanic and Atmospheric Administration"
        ],
        "otherLinks": "",
        "numericalModel": "FVCOM - Finite Volume Community Ocean Model",
        "atmosphericModel": null,
        "oceanBasins": [
          "North America"
        ],
        "typeOfSystem": "Circulation",
        "applications": [
          "Coastal Hazards",
          "Navigation support",
          "Search and rescue",
          "Ship-routing"
        ],
        "variablesUsed": [],
        "essentialOceanVariables": []
      }
    },
    {
      "type": "Feature",
      "geometry": {
        "type": "Polygon",
        "coordinates": [
          [
            [
              -93.0,
              46.0
            ],
            [
              -93.0,
              49.0
            ],
            [
              -84.0,
              49.0
            ],
            [
              -84.0,
              46.0
            ],
            [
              -93.0,
              46.0
            ]
          ]
        ]
      },
      "properties": {
        "title": "Lake Superior Operational Forecast System (LSOFS)",
        "dataPolicy": "All generated data is freely available",
        "organization": [
          "National Oceanic and Atmospheric Administration"
        ],
        "otherLinks": "",
        "numericalModel": "FVCOM - Finite Volume Community Ocean Model",
        "atmosphericModel": null,
        "oceanBasins": [
          "North America"
        ],
        "typeOfSystem": "Circulation",
        "applications": [
          "Coastal Hazards",
          "Navigation support",
          "Search and rescue",
          "Ship-routing"
        ],
        "variablesUsed": [],
        "essentialOceanVariables": []
      }
    },
    {
      "type": "Feature",
      "geometry": {
        "type": "Polygon",
        "coordinates": [
          [
            [
              -12.0,
              48.0
            ],
            [
              -12.0,
              62.0
            ],
            [
              13.0,
              62.0
            ],
            [
              13.0,
              48.0
            ],
            [
              -12.0,
              48.0
            ]
          ]
        ]
      },
      "properties": {
        "title": "OPTOS (version 1)",
        "dataPolicy": "All generated data is freely available",
        "organization": [
          "Royal Belgian Institute of Natural Sciences"
        ],
        "otherLinks": "",
        "numericalModel": "COHERENS - COupled Hydrodynamical Ecological model for REgioNal Shelf seas",
        "atmosphericModel": "IFS",
        "oceanBasins": [
          "North-East Atlantic"
        ],
        "typeOfSystem": "Sea level (storm surge)",
        "applications": [
          "Aquaculture",
          "Disaster risk reduction",
          "Enviromental management",
          "Coastal Hazards",
          "Fisheries",
          "Navigation support",
          "Offshore energy",
          "Oil spill fight",
          "Recreational navigation",
          "Research",
          "Search and rescue"
        ],
        "variablesUsed": [
          "Atmospheric pressure",
          "Freshwater flow",
          "Variables to compute bulk heat flow formulation",
          "Wind"
        ],
        "essentialOceanVariables": []
      }
    },
    {
      "type": "Feature",
      "geometry": {
        "type": "Polygon",
        "coordinates": [
          [
            [
              -4.81,
              49.72
            ],
            [
              -4.81,
              50.52
            ],
            [
              -3.8,
              50.52
            ],
            [
              -3.8,
              49.72
            ],
            [
              -4.81,
              49.72
            ]
          ]
        ]
      },
      "properties": {
        "title": "WCOOF - Western Channel Observatory Operational Forecast",
        "dataPolicy": "All generated data is freely available",
        "organization": [
          "Plymouth Marine Laboratory "
        ],
        "otherLinks": "",
        "numericalModel": "FVCOM - Finite Volume Community Ocean Model",
        "atmosphericModel": "GFS",
        "oceanBasins": [
          "North-East Atlantic"
        ],
        "typeOfSystem": "Circulation",
        "applications": [
          "Research"
        ],
        "variablesUsed": [
          "Atmospheric pressure",
          "Variables to compute bulk heat flow formulation",
          "Wind"
        ],
        "essentialOceanVariables": []
      }
    },
    {
      "type": "Feature",
      "geometry": {
        "type": "Polygon",
        "coordinates": [
          [
            [
              27.2,
              42.0
            ],
            [
              27.2,
              46.3
            ],
            [
              31.4,
              46.3
            ],
            [
              31.4,
              42.0
            ],
            [
              27.2,
              42.0
            ]
          ]
        ]
      },
      "properties": {
        "title": "Morphodynamic Model Chain for the Coastal Northwestern Black Sea ",
        "dataPolicy": "All generated data is freely available",
        "organization": [
          "Helmholtz-Zentrum hereon"
        ],
        "otherLinks": "",
        "numericalModel": "XBeach",
        "atmosphericModel": "era5",
        "oceanBasins": [
          "Mediterranean and Black Seas"
        ],
        "typeOfSystem": "Circulation",
        "applications": [
          "Coastal Hazards",
          "Research"
        ],
        "variablesUsed": [
          "Atmospheric pressure",
          "Wind"
        ],
        "essentialOceanVariables": []
      }
    },
    {
      "type": "Feature",
      "geometry": {
        "type": "Polygon",
        "coordinates": [
          [
            [
              -89.0,
              -3.0
            ],
            [
              -89.0,
              21.0
            ],
            [
              -57.0,
              21.0
            ],
            [
              -57.0,
              -3.0
            ],
            [
              -89.0,
              -3.0
            ]
          ]
        ]
      },
      "properties": {
        "title": "SIPSEM regional Caribe",
        "dataPolicy": "The data is not available to third parties",
        "organization": [
          "Directorate General of Maritime "
        ],
        "otherLinks": "",
        "numericalModel": "CROCO - Coastal and Regional Ocean COmmunity Model",
        "atmosphericModel": "GFS",
        "oceanBasins": [
          "South and central America"
        ],
        "typeOfSystem": "Circulation",
        "applications": [
          "Coastal Hazards",
          "Fisheries",
          "Oil spill fight",
          "Search and rescue",
          "Ship-routing"
        ],
        "variablesUsed": [
          "Atmospheric pressure",
          "Heat flow",
          "Wind"
        ],
        "essentialOceanVariables": []
      }
    },
    {
      "type": "Feature",
      "geometry": {
        "type": "Polygon",
        "coordinates": [
          [
            [
              10.4,
              53.0
            ],
            [
              10.4,
              55.6
            ],
            [
              5.1,
              55.6
            ],
            [
              5.1,
              53.0
            ],
            [
              10.4,
              53.0
            ]
          ]
        ]
      },
      "properties": {
        "title": "German Bight operational model",
        "dataPolicy": "All or part of the data is available under some type of license that implies a cost or specific agreement",
        "organization": [
          "Helmholtz-Zentrum hereon"
        ],
        "otherLinks": "",
        "numericalModel": "SCHISM (Semi-implicit Cross-scale Hydroscience Integrated System Model)",
        "atmosphericModel": "COSMO",
        "oceanBasins": [
          "North-East Atlantic"
        ],
        "typeOfSystem": "Circulation",
        "applications": [
          "Climate prediction",
          "Disaster risk reduction",
          "Enviromental management",
          "Coastal Hazards",
          "Research"
        ],
        "variablesUsed": [
          "Atmospheric pressure",
          "Variables to compute bulk heat flow formulation",
          "Wind"
        ],
        "essentialOceanVariables": []
      }
    },
    {
      "type": "Feature",
      "geometry": {
        "type": "Polygon",
        "coordinates": [
          [
            [
              9.5,
              48.0
            ],
            [
              9.5,
              55.0
            ],
            [
              -2.0,
              55.0
            ],
            [
              -2.0,
              48.0
            ],
            [
              9.5,
              48.0
            ]
          ]
        ]
      },
      "properties": {
        "title": "Southern North Sea operational model",
        "dataPolicy": "All or part of the data is available under some type of license that implies a cost or specific agreement",
        "organization": [
          "Helmholtz-Zentrum hereon"
        ],
        "otherLinks": "",
        "numericalModel": "SCHISM (Semi-implicit Cross-scale Hydroscience Integrated System Model)",
        "atmosphericModel": "COSMO",
        "oceanBasins": [
          "North-East Atlantic"
        ],
        "typeOfSystem": "Circulation",
        "applications": [
          "Climate prediction",
          "Enviromental management",
          "Coastal Hazards",
          "Research",
          "Fisheries",
          "Harmful Algae Bloom",
          "Offshore energy"
        ],
        "variablesUsed": [
          "Atmospheric pressure",
          "Variables to compute bulk heat flow formulation",
          "Wind"
        ],
        "essentialOceanVariables": []
      }
    },
    {
      "type": "Feature",
      "geometry": {
        "type": "Polygon",
        "coordinates": [
          [
            [
              -19.0,
              26.0
            ],
            [
              -19.0,
              56.0
            ],
            [
              5.0,
              56.0
            ],
            [
              5.0,
              26.0
            ],
            [
              -19.0,
              26.0
            ]
          ]
        ]
      },
      "properties": {
        "title": "Atlantic-Iberian Biscay Irish- Ocean Physics Analysis and Forecast",
        "dataPolicy": "All generated data is freely available",
        "organization": [
          "Mercator Ocean International",
          "Nologin Oceanic Weather Systems"
        ],
        "otherLinks": "",
        "numericalModel": "NEMO - Nucleus for European Modelling of the Ocean",
        "atmosphericModel": "IFS",
        "oceanBasins": [
          "North-East Atlantic"
        ],
        "typeOfSystem": "Circulation",
        "applications": [
          "Enviromental management",
          "Oil spill fight",
          "Port Management",
          "Research"
        ],
        "variablesUsed": [
          "Atmospheric pressure",
          "Freshwater flow",
          "Heat flow",
          "Variables to compute bulk heat flow formulation",
          "Wind"
        ],
        "essentialOceanVariables": [
          "Salinity",
          "Sea surface height (sea level)",
          "Temperature"
        ]
      }
    },
    {
      "type": "Feature",
      "geometry": {
        "type": "Polygon",
        "coordinates": [
          [
            [
              -19.0,
              26.0
            ],
            [
              -19.0,
              56.0
            ],
            [
              5.0,
              56.0
            ],
            [
              5.0,
              26.0
            ],
            [
              -19.0,
              26.0
            ]
          ]
        ]
      },
      "properties": {
        "title": " Atlantic-Iberian Biscay Irish- Ocean Wave Analysis and Forecast",
        "dataPolicy": "All generated data is freely available",
        "organization": [
          "Nologin Oceanic Weather Systems",
          "Mercator Ocean International",
          "M\u00e9t\u00e9o-France"
        ],
        "otherLinks": "",
        "numericalModel": "MFWAM",
        "atmosphericModel": "IFS",
        "oceanBasins": [
          "North-East Atlantic"
        ],
        "typeOfSystem": "Waves",
        "applications": [
          "Coastal Hazards",
          "Navigation support",
          "Port Management"
        ],
        "variablesUsed": [
          "Wind"
        ],
        "essentialOceanVariables": [
          "Sea State (waves)"
        ]
      }
    },
    {
      "type": "Feature",
      "geometry": {
        "type": "Polygon",
        "coordinates": [
          [
            [
              -19.0,
              26.0
            ],
            [
              -19.0,
              56.0
            ],
            [
              5.0,
              56.0
            ],
            [
              5.0,
              26.0
            ],
            [
              -19.0,
              26.0
            ]
          ]
        ]
      },
      "properties": {
        "title": " Atlantic-Iberian Biscay Irish- Ocean Biogeochemical Analysis and Forecast",
        "dataPolicy": "All generated data is freely available",
        "organization": [
          "Mercator Ocean International",
          "Nologin Oceanic Weather Systems"
        ],
        "otherLinks": "",
        "numericalModel": "PISCES - Pelagic Interactions Scheme for Carbon and Ecosystem Studies",
        "atmosphericModel": "IFS",
        "oceanBasins": [
          "North-East Atlantic"
        ],
        "typeOfSystem": "Biogeochemical",
        "applications": [
          "Enviromental management",
          "Harmful Algae Bloom",
          "Research",
          "Tourism"
        ],
        "variablesUsed": [],
        "essentialOceanVariables": []
      }
    },
    {
      "type": "Feature",
      "geometry": {
        "type": "Polygon",
        "coordinates": [
          [
            [
              -15.0,
              43.0
            ],
            [
              -15.0,
              51.0
            ],
            [
              2.98,
              51.0
            ],
            [
              2.98,
              43.0
            ],
            [
              -15.0,
              43.0
            ]
          ]
        ]
      },
      "properties": {
        "title": "HYCOM-MANGASC",
        "dataPolicy": "All generated data is freely available",
        "organization": [
          "Service hydrographique et Oc\u00e9anographique de la Marine / French Hydrographic and Oceanograhic Service"
        ],
        "otherLinks": "",
        "numericalModel": "HYCOM",
        "atmosphericModel": "ARPEGE EURAT01",
        "oceanBasins": [
          "North-East Atlantic"
        ],
        "typeOfSystem": "Circulation",
        "applications": [
          "Navigation support",
          "Recreational navigation",
          "Ship-routing"
        ],
        "variablesUsed": [
          "Variables to compute bulk heat flow formulation",
          "Wind"
        ],
        "essentialOceanVariables": []
      }
    },
    {
      "type": "Feature",
      "geometry": {
        "type": "Polygon",
        "coordinates": [
          [
            [
              -15.0,
              40.0
            ],
            [
              -15.0,
              53.0
            ],
            [
              5.0,
              53.0
            ],
            [
              5.0,
              40.0
            ],
            [
              -15.0,
              40.0
            ]
          ]
        ]
      },
      "properties": {
        "title": "CROCO-MANGA",
        "dataPolicy": "All generated data is freely available",
        "organization": [
          "Service hydrographique et Oc\u00e9anographique de la Marine / French Hydrographic and Oceanograhic Service"
        ],
        "otherLinks": "",
        "numericalModel": "CROCO - Coastal and Regional Ocean COmmunity Model",
        "atmosphericModel": "ARPEGE EURAT01",
        "oceanBasins": [
          "North-East Atlantic"
        ],
        "typeOfSystem": "Circulation",
        "applications": [
          "Navigation support",
          "Recreational navigation",
          "Ship-routing"
        ],
        "variablesUsed": [
          "Variables to compute bulk heat flow formulation",
          "Wind"
        ],
        "essentialOceanVariables": []
      }
    },
    {
      "type": "Feature",
      "geometry": {
        "type": "Polygon",
        "coordinates": [
          [
            [
              -4.6,
              62.0
            ],
            [
              -4.6,
              87.0
            ],
            [
              79.0,
              87.0
            ],
            [
              79.0,
              62.0
            ],
            [
              -4.6,
              62.0
            ]
          ]
        ]
      },
      "properties": {
        "title": "Barents-2.5",
        "dataPolicy": "All generated data is freely available",
        "organization": [
          "Norwegian Meteorological Institute"
        ],
        "otherLinks": "",
        "numericalModel": "ROMS - The Regional Ocean Modeling System",
        "atmosphericModel": "AromeArctic",
        "oceanBasins": [
          "North-East Atlantic",
          "Arctic"
        ],
        "typeOfSystem": "Circulation",
        "applications": [
          "Aquaculture",
          "Disaster risk reduction",
          "Enviromental management",
          "Offshore energy",
          "Oil spill fight",
          "Research",
          "Search and rescue",
          "Ship-routing",
          "Iceberg drift"
        ],
        "variablesUsed": [
          "Atmospheric pressure",
          "Freshwater flow",
          "Heat flow",
          "Variables to compute bulk heat flow formulation",
          "Wind"
        ],
        "essentialOceanVariables": []
      }
    },
    {
      "type": "Feature",
      "geometry": {
        "type": "Polygon",
        "coordinates": [
          [
            [
              127.0,
              40.0
            ],
            [
              127.0,
              64.0
            ],
            [
              166.0,
              64.0
            ],
            [
              166.0,
              40.0
            ],
            [
              127.0,
              40.0
            ]
          ]
        ]
      },
      "properties": {
        "title": "Okhotsk Sea Operational Forecast System (OS OFS)",
        "dataPolicy": "All or part of the data is available under some type of license that implies a cost or specific agreement",
        "organization": [
          "Marine Research Center Lomonosov Moscow State University"
        ],
        "otherLinks": "",
        "numericalModel": "NEMO - Nucleus for European Modelling of the Ocean",
        "atmosphericModel": "GFS",
        "oceanBasins": [
          "West Pacific and Marginal seas of East Asia"
        ],
        "typeOfSystem": "Circulation",
        "applications": [
          "Enviromental management",
          "Navigation support",
          "Research",
          "Ship-routing"
        ],
        "variablesUsed": [],
        "essentialOceanVariables": []
      }
    },
    {
      "type": "Feature",
      "geometry": {
        "type": "Polygon",
        "coordinates": [
          [
            [
              160.0,
              50.0
            ],
            [
              160.0,
              72.0
            ],
            [
              210.0,
              72.0
            ],
            [
              210.0,
              50.0
            ],
            [
              160.0,
              50.0
            ]
          ]
        ]
      },
      "properties": {
        "title": "Bering Sea Wave Operational Forecast",
        "dataPolicy": "All or part of the data is available under some type of license that implies a cost or specific agreement",
        "organization": [
          "Marine Research Center Lomonosov Moscow State University"
        ],
        "otherLinks": "",
        "numericalModel": "Wavewatch III - Wave Watch",
        "atmosphericModel": "GFS",
        "oceanBasins": [
          "West Pacific and Marginal seas of East Asia"
        ],
        "typeOfSystem": "Waves",
        "applications": [
          "Navigation support",
          "Ship-routing"
        ],
        "variablesUsed": [],
        "essentialOceanVariables": []
      }
    },
    {
      "type": "Feature",
      "geometry": {
        "type": "Polygon",
        "coordinates": [
          [
            [
              84.0,
              62.0
            ],
            [
              84.0,
              82.0
            ],
            [
              180.0,
              82.0
            ],
            [
              180.0,
              62.0
            ],
            [
              84.0,
              62.0
            ]
          ]
        ]
      },
      "properties": {
        "title": "Laptev-East Siberian-Chukchi Seas Operational Forecast System (LESC OFS)",
        "dataPolicy": "All or part of the data is available under some type of license that implies a cost or specific agreement",
        "organization": [
          "Marine Research Center Lomonosov Moscow State University"
        ],
        "otherLinks": "",
        "numericalModel": "NEMO - Nucleus for European Modelling of the Ocean",
        "atmosphericModel": "GFS",
        "oceanBasins": [
          "Arctic"
        ],
        "typeOfSystem": "Circulation",
        "applications": [
          "Enviromental management",
          "Navigation support",
          "Research",
          "Ship-routing"
        ],
        "variablesUsed": [],
        "essentialOceanVariables": []
      }
    },
    {
      "type": "Feature",
      "geometry": {
        "type": "Polygon",
        "coordinates": [
          [
            [
              6.0,
              62.0
            ],
            [
              6.0,
              82.0
            ],
            [
              120.0,
              82.0
            ],
            [
              120.0,
              62.0
            ],
            [
              6.0,
              62.0
            ]
          ]
        ]
      },
      "properties": {
        "title": "Barents-Kara Seas Operational Forecast System (BK OFS)",
        "dataPolicy": "All or part of the data is available under some type of license that implies a cost or specific agreement",
        "organization": [
          "Marine Research Center Lomonosov Moscow State University"
        ],
        "otherLinks": "",
        "numericalModel": "NEMO - Nucleus for European Modelling of the Ocean",
        "atmosphericModel": "GFS",
        "oceanBasins": [
          "Arctic"
        ],
        "typeOfSystem": "Circulation",
        "applications": [
          "Enviromental management",
          "Navigation support",
          "Research",
          "Ship-routing"
        ],
        "variablesUsed": [],
        "essentialOceanVariables": []
      }
    },
    {
      "type": "Feature",
      "geometry": {
        "type": "Polygon",
        "coordinates": [
          [
            [
              28.44,
              43.46
            ],
            [
              28.44,
              46.69
            ],
            [
              33.76,
              46.69
            ],
            [
              33.76,
              43.46
            ],
            [
              28.44,
              43.46
            ]
          ]
        ]
      },
      "properties": {
        "title": "Syroco",
        "dataPolicy": "All generated data is freely available",
        "organization": [
          "seamod.ro",
          "National Institute for Marine Research and Development \u201cGrigore Antipa\u201d"
        ],
        "otherLinks": "",
        "numericalModel": "NEMO - Nucleus for European Modelling of the Ocean",
        "atmosphericModel": "GFS",
        "oceanBasins": [
          "Mediterranean and Black Seas"
        ],
        "typeOfSystem": "Circulation",
        "applications": [
          "Aquaculture",
          "Defense applications",
          "Disaster risk reduction",
          "Enviromental management",
          "Plastic drift",
          "Port Management",
          "Recreational navigation",
          "Search and rescue"
        ],
        "variablesUsed": [
          "Atmospheric pressure",
          "Wind"
        ],
        "essentialOceanVariables": [
          "Temperature"
        ]
      }
    },
    {
      "type": "Feature",
      "geometry": {
        "type": "Polygon",
        "coordinates": [
          [
            [
              29.39,
              44.67
            ],
            [
              29.39,
              45.62
            ],
            [
              30.04,
              45.62
            ],
            [
              30.04,
              44.67
            ],
            [
              29.39,
              44.67
            ]
          ]
        ]
      },
      "properties": {
        "title": "Danube mouths",
        "dataPolicy": "All generated data is freely available",
        "organization": [
          "seamod.ro",
          "National Institute for Marine Research and Development \u201cGrigore Antipa\u201d"
        ],
        "otherLinks": "",
        "numericalModel": "NEMO - Nucleus for European Modelling of the Ocean",
        "atmosphericModel": "GFS",
        "oceanBasins": [
          "Mediterranean and Black Seas"
        ],
        "typeOfSystem": "Circulation",
        "applications": [
          "Defense applications",
          "Disaster risk reduction",
          "Enviromental management",
          "Plastic drift",
          "Search and rescue"
        ],
        "variablesUsed": [
          "Atmospheric pressure",
          "Wind"
        ],
        "essentialOceanVariables": [
          "Temperature"
        ]
      }
    },
    {
      "type": "Feature",
      "geometry": {
        "type": "Polygon",
        "coordinates": [
          [
            [
              28.55,
              43.59
            ],
            [
              28.55,
              44.44
            ],
            [
              28.91,
              44.44
            ],
            [
              28.91,
              43.59
            ],
            [
              28.55,
              43.59
            ]
          ]
        ]
      },
      "properties": {
        "title": "Southern Romanian Coast",
        "dataPolicy": "All generated data is freely available",
        "organization": [
          "seamod.ro",
          "National Institute for Marine Research and Development \u201cGrigore Antipa\u201d"
        ],
        "otherLinks": "",
        "numericalModel": "NEMO - Nucleus for European Modelling of the Ocean",
        "atmosphericModel": "GFS",
        "oceanBasins": [
          "Mediterranean and Black Seas"
        ],
        "typeOfSystem": "Circulation",
        "applications": [
          "Aquaculture",
          "Defense applications",
          "Disaster risk reduction",
          "Enviromental management",
          "Plastic drift",
          "Port Management",
          "Recreational navigation",
          "Search and rescue"
        ],
        "variablesUsed": [
          "Atmospheric pressure",
          "Wind"
        ],
        "essentialOceanVariables": [
          "Temperature"
        ]
      }
    },
    {
      "type": "Feature",
      "geometry": {
        "type": "Polygon",
        "coordinates": [
          [
            [
              -5.6,
              40.0
            ],
            [
              -5.6,
              64.0
            ],
            [
              -15.6,
              64.0
            ],
            [
              -15.6,
              40.0
            ],
            [
              -5.6,
              40.0
            ]
          ]
        ]
      },
      "properties": {
        "title": "NEA_ROMS",
        "dataPolicy": "All generated data is freely available",
        "organization": [
          "Marine Institute"
        ],
        "otherLinks": "",
        "numericalModel": "ROMS - The Regional Ocean Modeling System",
        "atmosphericModel": "IFS",
        "oceanBasins": [
          "North-East Atlantic"
        ],
        "typeOfSystem": "Circulation",
        "applications": [
          "Aquaculture",
          "Climate prediction",
          "Enviromental management",
          "Coastal Hazards",
          "Fisheries",
          "Harmful Algae Bloom",
          "Offshore energy",
          "Research",
          "Search and rescue",
          "Tourism"
        ],
        "variablesUsed": [
          "Atmospheric pressure",
          "Freshwater flow",
          "Variables to compute bulk heat flow formulation",
          "Wind"
        ],
        "essentialOceanVariables": []
      }
    },
    {
      "type": "Feature",
      "geometry": {
        "type": "Polygon",
        "coordinates": [
          [
            [
              -15.0,
              49.0
            ],
            [
              -15.0,
              56.0
            ],
            [
              -3.0,
              56.0
            ],
            [
              -3.0,
              49.0
            ],
            [
              -15.0,
              49.0
            ]
          ]
        ]
      },
      "properties": {
        "title": "SWAN Irish Shelf",
        "dataPolicy": "All generated data is freely available",
        "organization": [
          "Marine Institute"
        ],
        "otherLinks": "",
        "numericalModel": "SWAN - Simulating WAves Nearshore",
        "atmosphericModel": "IFS",
        "oceanBasins": [
          "North-East Atlantic"
        ],
        "typeOfSystem": "Waves",
        "applications": [
          "Aquaculture",
          "Climate prediction",
          "Enviromental management",
          "Coastal Hazards",
          "Fisheries",
          "Offshore energy",
          "Research",
          "Tourism"
        ],
        "variablesUsed": [
          "Wind"
        ],
        "essentialOceanVariables": []
      }
    },
    {
      "type": "Feature",
      "geometry": {
        "type": "Polygon",
        "coordinates": [
          [
            [
              -10.8,
              52.95
            ],
            [
              -10.8,
              53.73
            ],
            [
              -8.9,
              53.73
            ],
            [
              -8.9,
              52.95
            ],
            [
              -10.8,
              52.95
            ]
          ]
        ]
      },
      "properties": {
        "title": "ROMS Connemara",
        "dataPolicy": "All generated data is freely available",
        "organization": [
          "Marine Institute"
        ],
        "otherLinks": "",
        "numericalModel": "ROMS - The Regional Ocean Modeling System",
        "atmosphericModel": "IFS",
        "oceanBasins": [
          "North-East Atlantic"
        ],
        "typeOfSystem": "Circulation",
        "applications": [
          "Aquaculture",
          "Climate prediction",
          "Enviromental management",
          "Coastal Hazards",
          "Fisheries",
          "Harmful Algae Bloom",
          "Offshore energy",
          "Research",
          "Search and rescue",
          "Tourism"
        ],
        "variablesUsed": [
          "Atmospheric pressure",
          "Freshwater flow",
          "Variables to compute bulk heat flow formulation",
          "Wind"
        ],
        "essentialOceanVariables": []
      }
    },
    {
      "type": "Feature",
      "geometry": {
        "type": "Polygon",
        "coordinates": [
          [
            [
              -9.21,
              53.11
            ],
            [
              -9.21,
              53.28
            ],
            [
              -8.88,
              53.28
            ],
            [
              -8.88,
              53.11
            ],
            [
              -9.21,
              53.11
            ]
          ]
        ]
      },
      "properties": {
        "title": "ROMS Galway Bay",
        "dataPolicy": "All generated data is freely available",
        "organization": [
          "Marine Institute"
        ],
        "otherLinks": "",
        "numericalModel": "ROMS - The Regional Ocean Modeling System",
        "atmosphericModel": "IFS",
        "oceanBasins": [
          "North-East Atlantic"
        ],
        "typeOfSystem": "Circulation",
        "applications": [
          "Aquaculture",
          "Climate prediction",
          "Enviromental management",
          "Coastal Hazards",
          "Fisheries",
          "Harmful Algae Bloom",
          "Offshore energy",
          "Research",
          "Search and rescue",
          "Tourism"
        ],
        "variablesUsed": [
          "Atmospheric pressure",
          "Freshwater flow",
          "Variables to compute bulk heat flow formulation",
          "Wind"
        ],
        "essentialOceanVariables": []
      }
    },
    {
      "type": "Feature",
      "geometry": {
        "type": "Polygon",
        "coordinates": [
          [
            [
              -9.7,
              50.5
            ],
            [
              -9.7,
              52.0
            ],
            [
              -9.9,
              52.0
            ],
            [
              -9.9,
              50.5
            ],
            [
              -9.7,
              50.5
            ]
          ]
        ]
      },
      "properties": {
        "title": "ROMS Bantry Bay",
        "dataPolicy": "All generated data is freely available",
        "organization": [
          "Marine Institute"
        ],
        "otherLinks": "",
        "numericalModel": "ROMS - The Regional Ocean Modeling System",
        "atmosphericModel": "IFS",
        "oceanBasins": [
          "North-East Atlantic"
        ],
        "typeOfSystem": "Circulation",
        "applications": [
          "Aquaculture",
          "Climate prediction",
          "Enviromental management",
          "Coastal Hazards",
          "Fisheries",
          "Harmful Algae Bloom",
          "Offshore energy",
          "Research",
          "Search and rescue",
          "Tourism"
        ],
        "variablesUsed": [
          "Atmospheric pressure",
          "Freshwater flow",
          "Variables to compute bulk heat flow formulation",
          "Wind"
        ],
        "essentialOceanVariables": []
      }
    },
    {
      "type": "Feature",
      "geometry": {
        "type": "Polygon",
        "coordinates": [
          [
            [
              -10.8,
              52.95
            ],
            [
              -10.8,
              53.73
            ],
            [
              -8.9,
              53.73
            ],
            [
              -8.9,
              52.95
            ],
            [
              -10.8,
              52.95
            ]
          ]
        ]
      },
      "properties": {
        "title": "SWAN Connemara",
        "dataPolicy": "All generated data is freely available",
        "organization": [
          "Marine Institute"
        ],
        "otherLinks": "",
        "numericalModel": "SWAN - Simulating WAves Nearshore",
        "atmosphericModel": "IFS",
        "oceanBasins": [
          "North-East Atlantic"
        ],
        "typeOfSystem": "Waves",
        "applications": [
          "Aquaculture",
          "Climate prediction",
          "Enviromental management",
          "Coastal Hazards",
          "Fisheries",
          "Offshore energy",
          "Research",
          "Tourism"
        ],
        "variablesUsed": [
          "Wind"
        ],
        "essentialOceanVariables": []
      }
    },
    {
      "type": "Feature",
      "geometry": {
        "type": "Polygon",
        "coordinates": [
          [
            [
              99.0,
              5.0
            ],
            [
              99.0,
              63.0
            ],
            [
              170.0,
              63.0
            ],
            [
              170.0,
              5.0
            ],
            [
              99.0,
              5.0
            ]
          ]
        ]
      },
      "properties": {
        "title": "The Korea Operational Oceanographic System - Ocean Predictability Experiment for Marine environment (KOOS-OPEM)",
        "dataPolicy": "All or part of the data is available under some type of license that implies a cost or specific agreement",
        "organization": [
          "Korea Institute of Ocean Science & Technology"
        ],
        "otherLinks": "",
        "numericalModel": "MOM - GFDL Modular Ocean Model",
        "atmosphericModel": "Unified model",
        "oceanBasins": [
          "West Pacific and Marginal seas of East Asia"
        ],
        "typeOfSystem": "Circulation",
        "applications": [
          "Disaster risk reduction",
          "Fisheries",
          "Navigation support",
          "Oil spill fight",
          "Research",
          "Search and rescue"
        ],
        "variablesUsed": [
          "Atmospheric pressure",
          "Freshwater flow",
          "Heat flow",
          "Variables to compute bulk heat flow formulation",
          "Wind"
        ],
        "essentialOceanVariables": [
          "Salinity",
          "Temperature"
        ]
      }
    },
    {
      "type": "Feature",
      "geometry": {
        "type": "Polygon",
        "coordinates": [
          [
            [
              -240.0,
              26.0
            ],
            [
              -240.0,
              90.0
            ],
            [
              120.0,
              90.0
            ],
            [
              120.0,
              26.0
            ],
            [
              -240.0,
              26.0
            ]
          ]
        ]
      },
      "properties": {
        "title": "Regional Ice Ocean Prediction System",
        "dataPolicy": "All generated data is freely available",
        "organization": [
          "Environment and Climate Change Canada"
        ],
        "otherLinks": "",
        "numericalModel": "NEMO - Nucleus for European Modelling of the Ocean",
        "atmosphericModel": "GDPS",
        "oceanBasins": [
          "North America",
          "Arctic"
        ],
        "typeOfSystem": "Circulation",
        "applications": [
          "Navigation support",
          "Coupled weather forecasting",
          "Defense applications",
          "Disaster risk reduction",
          "Enviromental management",
          "Iceberg drift",
          "Fisheries",
          "Offshore energy",
          "Oil spill fight",
          "Search and rescue"
        ],
        "variablesUsed": [
          "Freshwater flow",
          "Variables to compute bulk heat flow formulation",
          "Wind"
        ],
        "essentialOceanVariables": [
          "Currents",
          "Salinity",
          "Sea surface height (sea level)",
          "Temperature"
        ]
      }
    },
    {
      "type": "Feature",
      "geometry": {
        "type": "Polygon",
        "coordinates": [
          [
            [
              -76.8,
              34.9
            ],
            [
              -76.8,
              54.0
            ],
            [
              -38.4,
              54.0
            ],
            [
              -38.4,
              34.9
            ],
            [
              -76.8,
              34.9
            ]
          ]
        ]
      },
      "properties": {
        "title": "Coastal Ice Ocean Prediction System - East",
        "dataPolicy": "All generated data is freely available",
        "organization": [
          "Environment and Climate Change Canada"
        ],
        "otherLinks": "",
        "numericalModel": "NEMO - Nucleus for European Modelling of the Ocean",
        "atmosphericModel": "HRDPS",
        "oceanBasins": [
          "North America"
        ],
        "typeOfSystem": "Circulation",
        "applications": [
          "Navigation support",
          "Coupled weather forecasting",
          "Coastal Hazards",
          "Fisheries",
          "Harmful Algae Bloom",
          "Offshore energy",
          "Oil spill fight",
          "Port Management",
          "Search and rescue"
        ],
        "variablesUsed": [
          "Freshwater flow",
          "Variables to compute bulk heat flow formulation",
          "Wind"
        ],
        "essentialOceanVariables": [
          "Salinity",
          "Temperature"
        ]
      }
    },
    {
      "type": "Feature",
      "geometry": {
        "type": "Polygon",
        "coordinates": [
          [
            [
              -93.0,
              34.9
            ],
            [
              -93.0,
              53.8
            ],
            [
              -38.3,
              53.8
            ],
            [
              -38.3,
              34.9
            ],
            [
              -93.0,
              34.9
            ]
          ]
        ]
      },
      "properties": {
        "title": "Water Cycle Prediction System ",
        "dataPolicy": "All generated data is freely available",
        "organization": [
          "Environment and Climate Change Canada"
        ],
        "otherLinks": "",
        "numericalModel": "NEMO - Nucleus for European Modelling of the Ocean",
        "atmosphericModel": "Coupled to GEM",
        "oceanBasins": [
          "North America"
        ],
        "typeOfSystem": "Circulation",
        "applications": [
          "Navigation support",
          "Enviromental management",
          "Recreational navigation",
          "Search and rescue"
        ],
        "variablesUsed": [
          "Freshwater flow",
          "Variables to compute bulk heat flow formulation",
          "Wind"
        ],
        "essentialOceanVariables": [
          "Salinity",
          "Temperature"
        ]
      }
    },
    {
      "type": "Feature",
      "geometry": {
        "type": "Polygon",
        "coordinates": [
          [
            [
              -142.0,
              45.0
            ],
            [
              -142.0,
              56.9
            ],
            [
              -120.0,
              56.9
            ],
            [
              -120.0,
              45.0
            ],
            [
              -142.0,
              45.0
            ]
          ]
        ]
      },
      "properties": {
        "title": "Coastal Ice Ocean Prediction System - West",
        "dataPolicy": "All generated data is freely available",
        "organization": [
          "Environment and Climate Change Canada"
        ],
        "otherLinks": "",
        "numericalModel": "NEMO - Nucleus for European Modelling of the Ocean",
        "atmosphericModel": "HRDPS",
        "oceanBasins": [
          "North America"
        ],
        "typeOfSystem": "Circulation",
        "applications": [
          "Navigation support",
          "Coupled weather forecasting",
          "Coastal Hazards",
          "Fisheries",
          "Harmful Algae Bloom",
          "Offshore energy",
          "Oil spill fight",
          "Port Management",
          "Search and rescue"
        ],
        "variablesUsed": [
          "Freshwater flow",
          "Variables to compute bulk heat flow formulation",
          "Wind"
        ],
        "essentialOceanVariables": [
          "Salinity",
          "Temperature"
        ]
      }
    },
    {
      "type": "Feature",
      "geometry": {
        "type": "Polygon",
        "coordinates": [
          [
            [
              -126.0,
              47.1
            ],
            [
              -126.0,
              56.0
            ],
            [
              -122.0,
              56.0
            ],
            [
              -122.0,
              47.1
            ],
            [
              -126.0,
              47.1
            ]
          ]
        ]
      },
      "properties": {
        "title": "Coastal Ice Ocean Prediction System - Salish Seas",
        "dataPolicy": "All generated data is freely available",
        "organization": [
          "Environment and Climate Change Canada"
        ],
        "otherLinks": "",
        "numericalModel": "NEMO - Nucleus for European Modelling of the Ocean",
        "atmosphericModel": "HRDPS",
        "oceanBasins": [
          "North America"
        ],
        "typeOfSystem": "Circulation",
        "applications": [
          "Navigation support",
          "Coupled weather forecasting",
          "Coastal Hazards",
          "Fisheries",
          "Harmful Algae Bloom",
          "Offshore energy",
          "Oil spill fight",
          "Port Management",
          "Search and rescue"
        ],
        "variablesUsed": [
          "Freshwater flow",
          "Variables to compute bulk heat flow formulation",
          "Wind"
        ],
        "essentialOceanVariables": [
          "Salinity",
          "Temperature"
        ]
      }
    },
    {
      "type": "Feature",
      "geometry": {
        "type": "Polygon",
        "coordinates": [
          [
            [
              -15.0,
              43.0
            ],
            [
              -15.0,
              64.0
            ],
            [
              13.0,
              64.0
            ],
            [
              13.0,
              43.0
            ],
            [
              -15.0,
              43.0
            ]
          ]
        ]
      },
      "properties": {
        "title": "Dutch Continental Shelf Model",
        "dataPolicy": "The data is not available to third parties",
        "organization": [
          "Deltares"
        ],
        "otherLinks": "",
        "numericalModel": "Delft3D FM (D-FLOW FM)",
        "atmosphericModel": "era5",
        "oceanBasins": [
          "North-East Atlantic"
        ],
        "typeOfSystem": "Circulation",
        "applications": [
          "Disaster risk reduction",
          "Enviromental management",
          "Coastal Hazards",
          "Offshore energy",
          "Research"
        ],
        "variablesUsed": [
          "Atmospheric pressure",
          "Heat flow",
          "Variables to compute bulk heat flow formulation",
          "Wind"
        ],
        "essentialOceanVariables": []
      }
    },
    {
      "type": "Feature",
      "geometry": {
        "type": "Polygon",
        "coordinates": [
          [
            [
              146.5,
              -44.0
            ],
            [
              146.5,
              -42.5
            ],
            [
              148.625,
              -42.5
            ],
            [
              148.625,
              -44.0
            ],
            [
              146.5,
              -44.0
            ]
          ]
        ]
      },
      "properties": {
        "title": "Tasmanian Coastal Information System",
        "dataPolicy": "All generated data is freely available",
        "organization": [
          "CSIRO (Commonwealth Scientific and Industrial Research Organisation)"
        ],
        "otherLinks": "https://github.com/csiro-coasts/EMS",
        "numericalModel": "EMS (CSIRO Environmental Modelling Suite)",
        "atmosphericModel": "ACCESS",
        "oceanBasins": [
          "West Pacific and Marginal seas of East Asia"
        ],
        "typeOfSystem": "Biogeochemical",
        "applications": [
          "Aquaculture",
          "Enviromental management",
          "Coastal Hazards",
          "Fisheries",
          "Harmful Algae Bloom",
          "Research"
        ],
        "variablesUsed": [
          "Atmospheric pressure",
          "Variables to compute bulk heat flow formulation",
          "Wind"
        ],
        "essentialOceanVariables": []
      }
    },
    {
      "type": "Feature",
      "geometry": {
        "type": "Polygon",
        "coordinates": [
          [
            [
              75.0,
              3.0
            ],
            [
              75.0,
              12.0
            ],
            [
              86.0,
              12.0
            ],
            [
              86.0,
              3.0
            ],
            [
              75.0,
              3.0
            ]
          ]
        ]
      },
      "properties": {
        "title": "Sri Lanka Operational Ocean and Atmosphere System",
        "dataPolicy": "All or part of the data is available under some type of license that implies a cost or specific agreement",
        "organization": [
          "The University of Western Australia"
        ],
        "otherLinks": "",
        "numericalModel": "ROMS - The Regional Ocean Modeling System",
        "atmosphericModel": "WRF",
        "oceanBasins": [
          "Indian Seas"
        ],
        "typeOfSystem": "Circulation",
        "applications": [
          "Coupled weather forecasting",
          "Disaster risk reduction",
          "Plastic drift",
          "Coastal Hazards",
          "Oil spill fight",
          "Research",
          "Search and rescue"
        ],
        "variablesUsed": [
          "Variables to compute bulk heat flow formulation"
        ],
        "essentialOceanVariables": []
      }
    },
    {
      "type": "Feature",
      "geometry": {
        "type": "Polygon",
        "coordinates": [
          [
            [
              105.0,
              -35.0
            ],
            [
              105.0,
              -23.0
            ],
            [
              118.0,
              -23.0
            ],
            [
              118.0,
              -35.0
            ],
            [
              105.0,
              -35.0
            ]
          ]
        ]
      },
      "properties": {
        "title": "Central Western Australia Ocean Atmosphere System",
        "dataPolicy": "All or part of the data is available under some type of license that implies a cost or specific agreement",
        "organization": [
          "The University of Western Australia"
        ],
        "otherLinks": "",
        "numericalModel": "ROMS - The Regional Ocean Modeling System",
        "atmosphericModel": "WRF",
        "oceanBasins": [
          "Indian Seas"
        ],
        "typeOfSystem": "Circulation",
        "applications": [
          "Climate prediction",
          "Coupled weather forecasting",
          "Disaster risk reduction",
          "Enviromental management",
          "Plastic drift",
          "Coastal Hazards",
          "Harmful Algae Bloom",
          "Oil spill fight",
          "Recreational navigation",
          "Research",
          "Search and rescue"
        ],
        "variablesUsed": [
          "Atmospheric pressure",
          "Heat flow",
          "Variables to compute bulk heat flow formulation",
          "Wind"
        ],
        "essentialOceanVariables": []
      }
    },
    {
      "type": "Feature",
      "geometry": {
        "type": "Polygon",
        "coordinates": [
          [
            [
              12.0,
              40.0
            ],
            [
              12.0,
              46.0
            ],
            [
              20.0,
              46.0
            ],
            [
              20.0,
              40.0
            ],
            [
              12.0,
              40.0
            ]
          ]
        ]
      },
      "properties": {
        "title": "BORA - Adriatic Sea Ocean Atmosphere Forecasting System ",
        "dataPolicy": "All or part of the data is available under some type of license that implies a cost or specific agreement",
        "organization": [
          "GEKOM"
        ],
        "otherLinks": "",
        "numericalModel": "ROMS - The Regional Ocean Modeling System",
        "atmosphericModel": "WRF",
        "oceanBasins": [
          "Mediterranean and Black Seas"
        ],
        "typeOfSystem": "Circulation",
        "applications": [
          "Aquaculture",
          "Climate prediction",
          "Coupled weather forecasting",
          "Disaster risk reduction",
          "Enviromental management",
          "Plastic drift",
          "Coastal Hazards",
          "Fisheries",
          "Harmful Algae Bloom",
          "Navigation support",
          "Offshore energy",
          "Oil spill fight",
          "Port Management",
          "Recreational navigation",
          "Research",
          "Search and rescue",
          "Ship-routing",
          "Tourism"
        ],
        "variablesUsed": [
          "Atmospheric pressure",
          "Variables to compute bulk heat flow formulation",
          "Wind"
        ],
        "essentialOceanVariables": []
      }
    },
    {
      "type": "Feature",
      "geometry": {
        "type": "Polygon",
        "coordinates": [
          [
            [
              105.0,
              -26.0
            ],
            [
              105.0,
              -6.0
            ],
            [
              135.0,
              -6.0
            ],
            [
              135.0,
              -26.0
            ],
            [
              105.0,
              -26.0
            ]
          ]
        ]
      },
      "properties": {
        "title": "North West Shelf of Western Australia  - operational ROMS system",
        "dataPolicy": "All or part of the data is available under some type of license that implies a cost or specific agreement",
        "organization": [
          "The University of Western Australia"
        ],
        "otherLinks": "",
        "numericalModel": "ROMS - The Regional Ocean Modeling System",
        "atmosphericModel": "GFS",
        "oceanBasins": [
          "West Pacific and Marginal seas of East Asia",
          "Indian Seas"
        ],
        "typeOfSystem": "Circulation",
        "applications": [
          "Climate prediction",
          "Coupled weather forecasting",
          "Disaster risk reduction",
          "Enviromental management",
          "Plastic drift",
          "Coastal Hazards",
          "Fisheries",
          "Navigation support",
          "Offshore energy",
          "Oil spill fight",
          "Port Management",
          "Research",
          "Search and rescue"
        ],
        "variablesUsed": [
          "Atmospheric pressure",
          "Variables to compute bulk heat flow formulation",
          "Wind"
        ],
        "essentialOceanVariables": []
      }
    },
    {
      "type": "Feature",
      "geometry": {
        "type": "Polygon",
        "coordinates": [
          [
            [
              -10.44,
              36.06
            ],
            [
              -10.44,
              38.36
            ],
            [
              -6.54,
              38.36
            ],
            [
              -6.54,
              36.06
            ],
            [
              -10.44,
              36.06
            ]
          ]
        ]
      },
      "properties": {
        "title": "SOMA - Operational System of the Coast of Algarve",
        "dataPolicy": "All generated data is freely available",
        "organization": [
          "Centro de Investiga\u00e7\u00e3o Marinha e Ambiental"
        ],
        "otherLinks": "",
        "numericalModel": "SOMA-Level-1",
        "atmosphericModel": "POSEIDON WEATHER FORECASTING SYSTEM (ETA)",
        "oceanBasins": [
          "North-East Atlantic"
        ],
        "typeOfSystem": "Circulation",
        "applications": [
          "Disaster risk reduction",
          "Enviromental management",
          "Plastic drift",
          "Coastal Hazards",
          "Oil spill fight",
          "Research",
          "Tourism"
        ],
        "variablesUsed": [
          "Atmospheric pressure",
          "Variables to compute bulk heat flow formulation",
          "Wind"
        ],
        "essentialOceanVariables": []
      }
    },
    {
      "type": "Feature",
      "geometry": {
        "type": "Polygon",
        "coordinates": [
          [
            [
              -10.44,
              36.04
            ],
            [
              -10.44,
              38.36
            ],
            [
              -6.54,
              38.36
            ],
            [
              -6.54,
              36.04
            ],
            [
              -10.44,
              36.04
            ]
          ]
        ]
      },
      "properties": {
        "title": "SOMA Operational System of the Coast of Algarve (Level 1)",
        "dataPolicy": "All generated data is freely available",
        "organization": [
          "Centro de Investiga\u00e7\u00e3o Marinha e Ambiental"
        ],
        "otherLinks": "",
        "numericalModel": "MOHID - MOdelo HIDrodin\u00e2mico",
        "atmosphericModel": "POSEIDON WEATHER FORECASTING SYSTEM (ETA)",
        "oceanBasins": [
          "North-East Atlantic"
        ],
        "typeOfSystem": "Circulation",
        "applications": [
          "Disaster risk reduction",
          "Enviromental management",
          "Plastic drift",
          "Oil spill fight",
          "Tourism"
        ],
        "variablesUsed": [
          "Atmospheric pressure",
          "Variables to compute bulk heat flow formulation",
          "Wind"
        ],
        "essentialOceanVariables": []
      }
    },
    {
      "type": "Feature",
      "geometry": {
        "type": "Polygon",
        "coordinates": [
          [
            [
              -9.69,
              36.51
            ],
            [
              -9.69,
              37.56
            ],
            [
              -7.02,
              37.56
            ],
            [
              -7.02,
              36.51
            ],
            [
              -9.69,
              36.51
            ]
          ]
        ]
      },
      "properties": {
        "title": "SOMA Operational System of the Coast of Algarve (Level 2)",
        "dataPolicy": "All generated data is freely available",
        "organization": [
          "Centro de Investiga\u00e7\u00e3o Marinha e Ambiental"
        ],
        "otherLinks": "",
        "numericalModel": "MOHID - MOdelo HIDrodin\u00e2mico",
        "atmosphericModel": "POSEIDON WEATHER FORECASTING SYSTEM (ETA)",
        "oceanBasins": [
          "North-East Atlantic"
        ],
        "typeOfSystem": "Circulation",
        "applications": [
          "Disaster risk reduction",
          "Enviromental management",
          "Plastic drift",
          "Oil spill fight",
          "Research",
          "Tourism"
        ],
        "variablesUsed": [
          "Atmospheric pressure",
          "Variables to compute bulk heat flow formulation",
          "Wind"
        ],
        "essentialOceanVariables": []
      }
    },
    {
      "type": "Feature",
      "geometry": {
        "type": "Polygon",
        "coordinates": [
          [
            [
              -4.7,
              36.5
            ],
            [
              -4.7,
              36.8
            ],
            [
              -4.2,
              36.8
            ],
            [
              -4.2,
              36.5
            ],
            [
              -4.7,
              36.5
            ]
          ]
        ]
      },
      "properties": {
        "title": "SAPO - M\u00e1laga",
        "dataPolicy": "All generated data is freely available",
        "organization": [
          "Puertos del Estado"
        ],
        "otherLinks": "",
        "numericalModel": "SWAN - Simulating WAves Nearshore",
        "atmosphericModel": "HARMONIE-AROME",
        "oceanBasins": [
          "Mediterranean and Black Seas"
        ],
        "typeOfSystem": "Waves",
        "applications": [
          "Coastal Hazards"
        ],
        "variablesUsed": [
          "Wind"
        ],
        "essentialOceanVariables": []
      }
    },
    {
      "type": "Feature",
      "geometry": {
        "type": "Polygon",
        "coordinates": [
          [
            [
              -5.7,
              35.9
            ],
            [
              -5.7,
              36.1
            ],
            [
              -5.5,
              36.1
            ],
            [
              -5.5,
              35.9
            ],
            [
              -5.7,
              35.9
            ]
          ]
        ]
      },
      "properties": {
        "title": "SAPO - Tarifa",
        "dataPolicy": "All generated data is freely available",
        "organization": [
          "Puertos del Estado"
        ],
        "otherLinks": "",
        "numericalModel": "SWAN - Simulating WAves Nearshore",
        "atmosphericModel": "HARMONIE-AROME",
        "oceanBasins": [
          "Mediterranean and Black Seas"
        ],
        "typeOfSystem": "Waves",
        "applications": [
          "Port Management"
        ],
        "variablesUsed": [
          "Wind"
        ],
        "essentialOceanVariables": []
      }
    },
    {
      "type": "Feature",
      "geometry": {
        "type": "Polygon",
        "coordinates": [
          [
            [
              -8.7,
              43.3
            ],
            [
              -8.7,
              43.5
            ],
            [
              -8.3,
              43.5
            ],
            [
              -8.3,
              43.3
            ],
            [
              -8.7,
              43.3
            ]
          ]
        ]
      },
      "properties": {
        "title": "SAPO - Coru\u00f1a",
        "dataPolicy": "All generated data is freely available",
        "organization": [
          "Puertos del Estado"
        ],
        "otherLinks": "",
        "numericalModel": "SWAN - Simulating WAves Nearshore",
        "atmosphericModel": "HARMONIE-AROME",
        "oceanBasins": [
          "North-East Atlantic"
        ],
        "typeOfSystem": "Waves",
        "applications": [
          "Coastal Hazards",
          "Port Management"
        ],
        "variablesUsed": [],
        "essentialOceanVariables": []
      }
    },
    {
      "type": "Feature",
      "geometry": {
        "type": "Polygon",
        "coordinates": [
          [
            [
              -9.1,
              42.2
            ],
            [
              -9.1,
              42.5
            ],
            [
              -8.6,
              42.5
            ],
            [
              -8.6,
              42.2
            ],
            [
              -9.1,
              42.2
            ]
          ]
        ]
      },
      "properties": {
        "title": "SAPO - Marin",
        "dataPolicy": "All generated data is freely available",
        "organization": [
          "Puertos del Estado"
        ],
        "otherLinks": "",
        "numericalModel": "SWAN - Simulating WAves Nearshore",
        "atmosphericModel": "HARMONIE-AROME",
        "oceanBasins": [
          "North-East Atlantic"
        ],
        "typeOfSystem": "Waves",
        "applications": [
          "Coastal Hazards"
        ],
        "variablesUsed": [
          "Wind"
        ],
        "essentialOceanVariables": []
      }
    },
    {
      "type": "Feature",
      "geometry": {
        "type": "Polygon",
        "coordinates": [
          [
            [
              -9.1,
              42.1
            ],
            [
              -9.1,
              42.4
            ],
            [
              -8.6,
              42.4
            ],
            [
              -8.6,
              42.1
            ],
            [
              -9.1,
              42.1
            ]
          ]
        ]
      },
      "properties": {
        "title": "SAPO - Vigo",
        "dataPolicy": "All generated data is freely available",
        "organization": [
          "Puertos del Estado"
        ],
        "otherLinks": "",
        "numericalModel": "SWAN - Simulating WAves Nearshore",
        "atmosphericModel": "HARMONIE-AROME",
        "oceanBasins": [
          "North-East Atlantic"
        ],
        "typeOfSystem": "Waves",
        "applications": [
          "Coastal Hazards"
        ],
        "variablesUsed": [
          "Wind"
        ],
        "essentialOceanVariables": []
      }
    },
    {
      "type": "Feature",
      "geometry": {
        "type": "Polygon",
        "coordinates": [
          [
            [
              -7.8,
              43.5
            ],
            [
              -7.8,
              44.2
            ],
            [
              -7.1,
              44.2
            ],
            [
              -7.1,
              43.5
            ],
            [
              -7.8,
              43.5
            ]
          ]
        ]
      },
      "properties": {
        "title": "SAPO - San Cipiran (coarse)",
        "dataPolicy": "All generated data is freely available",
        "organization": [
          "Puertos del Estado"
        ],
        "otherLinks": "",
        "numericalModel": "SWAN - Simulating WAves Nearshore",
        "atmosphericModel": "HARMONIE-AROME",
        "oceanBasins": [
          "North-East Atlantic"
        ],
        "typeOfSystem": "Waves",
        "applications": [
          "Coastal Hazards"
        ],
        "variablesUsed": [],
        "essentialOceanVariables": []
      }
    },
    {
      "type": "Feature",
      "geometry": {
        "type": "Polygon",
        "coordinates": [
          [
            [
              -7.5,
              36.8
            ],
            [
              -7.5,
              37.3
            ],
            [
              -6.4,
              37.3
            ],
            [
              -6.4,
              36.8
            ],
            [
              -7.5,
              36.8
            ]
          ]
        ]
      },
      "properties": {
        "title": "SAPO - Huelva",
        "dataPolicy": "All generated data is freely available",
        "organization": [
          "Puertos del Estado"
        ],
        "otherLinks": "",
        "numericalModel": "SWAN - Simulating WAves Nearshore",
        "atmosphericModel": "HARMONIE-AROME",
        "oceanBasins": [
          "North-East Atlantic"
        ],
        "typeOfSystem": "Waves",
        "applications": [
          "Coastal Hazards"
        ],
        "variablesUsed": [
          "Wind"
        ],
        "essentialOceanVariables": []
      }
    },
    {
      "type": "Feature",
      "geometry": {
        "type": "Polygon",
        "coordinates": [
          [
            [
              -3.4,
              35.0
            ],
            [
              -3.4,
              35.7
            ],
            [
              -2.5,
              35.7
            ],
            [
              -2.5,
              35.0
            ],
            [
              -3.4,
              35.0
            ]
          ]
        ]
      },
      "properties": {
        "title": "SAPO - Melilla",
        "dataPolicy": "All generated data is freely available",
        "organization": [
          "Puertos del Estado"
        ],
        "otherLinks": "",
        "numericalModel": "SWAN - Simulating WAves Nearshore",
        "atmosphericModel": "HARMONIE-AROME",
        "oceanBasins": [
          "Mediterranean and Black Seas"
        ],
        "typeOfSystem": "Waves",
        "applications": [
          "Coastal Hazards"
        ],
        "variablesUsed": [
          "Wind"
        ],
        "essentialOceanVariables": []
      }
    },
    {
      "type": "Feature",
      "geometry": {
        "type": "Polygon",
        "coordinates": [
          [
            [
              -0.4,
              39.7
            ],
            [
              -0.4,
              40.2
            ],
            [
              0.5,
              40.2
            ],
            [
              0.5,
              39.7
            ],
            [
              -0.4,
              39.7
            ]
          ]
        ]
      },
      "properties": {
        "title": "SAPO - Castell\u00f3n",
        "dataPolicy": "All generated data is freely available",
        "organization": [
          "Puertos del Estado"
        ],
        "otherLinks": "",
        "numericalModel": "SWAN - Simulating WAves Nearshore",
        "atmosphericModel": "HARMONIE-AROME",
        "oceanBasins": [
          "Mediterranean and Black Seas"
        ],
        "typeOfSystem": "Waves",
        "applications": [
          "Coastal Hazards"
        ],
        "variablesUsed": [
          "Wind"
        ],
        "essentialOceanVariables": []
      }
    },
    {
      "type": "Feature",
      "geometry": {
        "type": "Polygon",
        "coordinates": [
          [
            [
              -4.0,
              36.4
            ],
            [
              -4.0,
              36.9
            ],
            [
              -3.1,
              36.9
            ],
            [
              -3.1,
              36.4
            ],
            [
              -4.0,
              36.4
            ]
          ]
        ]
      },
      "properties": {
        "title": "SAPO - Granada (coarse)",
        "dataPolicy": "All generated data is freely available",
        "organization": [
          "Puertos del Estado"
        ],
        "otherLinks": "",
        "numericalModel": "SWAN - Simulating WAves Nearshore",
        "atmosphericModel": "HARMONIE-AROME",
        "oceanBasins": [
          "Mediterranean and Black Seas"
        ],
        "typeOfSystem": "Waves",
        "applications": [
          "Coastal Hazards"
        ],
        "variablesUsed": [
          "Wind"
        ],
        "essentialOceanVariables": []
      }
    },
    {
      "type": "Feature",
      "geometry": {
        "type": "Polygon",
        "coordinates": [
          [
            [
              -75.6129,
              10.257
            ],
            [
              -75.6129,
              10.4235
            ],
            [
              -75.4969,
              10.4235
            ],
            [
              -75.4969,
              10.257
            ],
            [
              -75.6129,
              10.257
            ]
          ]
        ]
      },
      "properties": {
        "title": "BASIC-Cartagena",
        "dataPolicy": "All generated data is freely available",
        "organization": [
          "Centro de Investiga\u00e7\u00e3o Marinha e Ambiental"
        ],
        "otherLinks": "",
        "numericalModel": "MOHID - MOdelo HIDrodin\u00e2mico",
        "atmosphericModel": "NAM",
        "oceanBasins": [
          "South and central America"
        ],
        "typeOfSystem": "Circulation",
        "applications": [
          "Disaster risk reduction",
          "Enviromental management",
          "Oil spill fight",
          "Tourism"
        ],
        "variablesUsed": [
          "Atmospheric pressure",
          "Variables to compute bulk heat flow formulation",
          "Wind"
        ],
        "essentialOceanVariables": []
      }
    },
    {
      "type": "Feature",
      "geometry": {
        "type": "Polygon",
        "coordinates": [
          [
            [
              -7.6,
              43.6
            ],
            [
              -7.6,
              43.8
            ],
            [
              -7.3,
              43.8
            ],
            [
              -7.3,
              43.6
            ],
            [
              -7.6,
              43.6
            ]
          ]
        ]
      },
      "properties": {
        "title": "SAPO - San Cipiran",
        "dataPolicy": "All generated data is freely available",
        "organization": [
          "Puertos del Estado"
        ],
        "otherLinks": "",
        "numericalModel": "SWAN - Simulating WAves Nearshore",
        "atmosphericModel": "HARMONIE-AROME",
        "oceanBasins": [
          "North-East Atlantic"
        ],
        "typeOfSystem": "Waves",
        "applications": [
          "Coastal Hazards"
        ],
        "variablesUsed": [
          "Wind"
        ],
        "essentialOceanVariables": []
      }
    },
    {
      "type": "Feature",
      "geometry": {
        "type": "Polygon",
        "coordinates": [
          [
            [
              -3.7,
              36.6
            ],
            [
              -3.7,
              36.8
            ],
            [
              -3.4,
              36.8
            ],
            [
              -3.4,
              36.6
            ],
            [
              -3.7,
              36.6
            ]
          ]
        ]
      },
      "properties": {
        "title": "SAPO - Mortil",
        "dataPolicy": "All generated data is freely available",
        "organization": [
          "Puertos del Estado"
        ],
        "otherLinks": "",
        "numericalModel": "SWAN - Simulating WAves Nearshore",
        "atmosphericModel": "HARMONIE-AROME",
        "oceanBasins": [
          "Mediterranean and Black Seas"
        ],
        "typeOfSystem": "Waves",
        "applications": [
          "Coastal Hazards"
        ],
        "variablesUsed": [
          "Wind"
        ],
        "essentialOceanVariables": []
      }
    },
    {
      "type": "Feature",
      "geometry": {
        "type": "Polygon",
        "coordinates": [
          [
            [
              2.2,
              41.38
            ],
            [
              2.2,
              41.29
            ],
            [
              2.14,
              41.29
            ],
            [
              2.14,
              41.38
            ],
            [
              2.2,
              41.38
            ]
          ]
        ]
      },
      "properties": {
        "title": "Agitaci\u00f3n Barcelona",
        "dataPolicy": "All generated data is freely available",
        "organization": [
          "Puertos del Estado"
        ],
        "otherLinks": "",
        "numericalModel": "Other wave model",
        "atmosphericModel": null,
        "oceanBasins": [
          "Mediterranean and Black Seas"
        ],
        "typeOfSystem": "Waves",
        "applications": [
          "Port Management"
        ],
        "variablesUsed": [],
        "essentialOceanVariables": []
      }
    },
    {
      "type": "Feature",
      "geometry": {
        "type": "Polygon",
        "coordinates": [
          [
            [
              -1.02,
              37.6
            ],
            [
              -1.02,
              37.55
            ],
            [
              -0.93,
              37.55
            ],
            [
              -0.93,
              37.6
            ],
            [
              -1.02,
              37.6
            ]
          ]
        ]
      },
      "properties": {
        "title": "Agitaci\u00f3n Cartagena",
        "dataPolicy": "All generated data is freely available",
        "organization": [
          "Puertos del Estado"
        ],
        "otherLinks": "",
        "numericalModel": "Other wave model",
        "atmosphericModel": null,
        "oceanBasins": [
          "Mediterranean and Black Seas"
        ],
        "typeOfSystem": "Waves",
        "applications": [
          "Port Management"
        ],
        "variablesUsed": [],
        "essentialOceanVariables": []
      }
    },
    {
      "type": "Feature",
      "geometry": {
        "type": "Polygon",
        "coordinates": [
          [
            [
              -8.36,
              43.48
            ],
            [
              -8.36,
              43.43
            ],
            [
              -8.29,
              43.43
            ],
            [
              -8.29,
              43.48
            ],
            [
              -8.36,
              43.48
            ]
          ]
        ]
      },
      "properties": {
        "title": "Agitaci\u00f3n Ferrol",
        "dataPolicy": "All generated data is freely available",
        "organization": [
          "Puertos del Estado"
        ],
        "otherLinks": "",
        "numericalModel": "Other wave model",
        "atmosphericModel": null,
        "oceanBasins": [
          "North-East Atlantic"
        ],
        "typeOfSystem": "Waves",
        "applications": [
          "Port Management"
        ],
        "variablesUsed": [],
        "essentialOceanVariables": []
      }
    },
    {
      "type": "Feature",
      "geometry": {
        "type": "Polygon",
        "coordinates": [
          [
            [
              -0.33609,
              39.47339
            ],
            [
              -0.33609,
              39.41269
            ],
            [
              -0.27384,
              39.41269
            ],
            [
              -0.27384,
              39.47339
            ],
            [
              -0.33609,
              39.47339
            ]
          ]
        ]
      },
      "properties": {
        "title": "Agitaci\u00f3n Valencia",
        "dataPolicy": "All generated data is freely available",
        "organization": [
          "Puertos del Estado"
        ],
        "otherLinks": "",
        "numericalModel": "Other wave model",
        "atmosphericModel": null,
        "oceanBasins": [
          "Mediterranean and Black Seas"
        ],
        "typeOfSystem": "Waves",
        "applications": [
          "Port Management"
        ],
        "variablesUsed": [],
        "essentialOceanVariables": []
      }
    },
    {
      "type": "Feature",
      "geometry": {
        "type": "Polygon",
        "coordinates": [
          [
            [
              -0.23,
              39.65994
            ],
            [
              -0.23,
              39.61904
            ],
            [
              -0.18,
              39.61904
            ],
            [
              -0.18,
              39.65994
            ],
            [
              -0.23,
              39.65994
            ]
          ]
        ]
      },
      "properties": {
        "title": "Agitaci\u00f3n Sagunto",
        "dataPolicy": "All generated data is freely available",
        "organization": [
          "Puertos del Estado"
        ],
        "otherLinks": "",
        "numericalModel": "Other wave model",
        "atmosphericModel": null,
        "oceanBasins": [
          "Mediterranean and Black Seas"
        ],
        "typeOfSystem": "Waves",
        "applications": [
          "Port Management"
        ],
        "variablesUsed": [],
        "essentialOceanVariables": []
      }
    },
    {
      "type": "Feature",
      "geometry": {
        "type": "Polygon",
        "coordinates": [
          [
            [
              -0.16122,
              39.0034
            ],
            [
              -0.16122,
              38.98515
            ],
            [
              -0.13437,
              38.98515
            ],
            [
              -0.13437,
              39.0034
            ],
            [
              -0.16122,
              39.0034
            ]
          ]
        ]
      },
      "properties": {
        "title": "Agitaci\u00f3n Gand\u00eda",
        "dataPolicy": "All generated data is freely available",
        "organization": [
          "Puertos del Estado"
        ],
        "otherLinks": "",
        "numericalModel": "Other wave model",
        "atmosphericModel": null,
        "oceanBasins": [
          "Mediterranean and Black Seas"
        ],
        "typeOfSystem": "Waves",
        "applications": [
          "Port Management"
        ],
        "variablesUsed": [],
        "essentialOceanVariables": []
      }
    },
    {
      "type": "Feature",
      "geometry": {
        "type": "Polygon",
        "coordinates": [
          [
            [
              -2.4967,
              36.83649
            ],
            [
              -2.4967,
              36.81544
            ],
            [
              -2.4517,
              36.81544
            ],
            [
              -2.4517,
              36.83649
            ],
            [
              -2.4967,
              36.83649
            ]
          ]
        ]
      },
      "properties": {
        "title": "Agitaci\u00f3n Almer\u00eda",
        "dataPolicy": "All generated data is freely available",
        "organization": [
          "Puertos del Estado"
        ],
        "otherLinks": "",
        "numericalModel": "Other wave model",
        "atmosphericModel": null,
        "oceanBasins": [
          "Mediterranean and Black Seas"
        ],
        "typeOfSystem": "Waves",
        "applications": [
          "Port Management"
        ],
        "variablesUsed": [],
        "essentialOceanVariables": []
      }
    },
    {
      "type": "Feature",
      "geometry": {
        "type": "Polygon",
        "coordinates": [
          [
            [
              -1.901591,
              36.98232
            ],
            [
              -1.901591,
              36.95682
            ],
            [
              -1.888441,
              36.95682
            ],
            [
              -1.888441,
              36.98232
            ],
            [
              -1.901591,
              36.98232
            ]
          ]
        ]
      },
      "properties": {
        "title": "Agitaci\u00f3n Carboneras",
        "dataPolicy": "All generated data is freely available",
        "organization": [
          "Puertos del Estado"
        ],
        "otherLinks": "",
        "numericalModel": "Other wave model",
        "atmosphericModel": null,
        "oceanBasins": [
          "Mediterranean and Black Seas"
        ],
        "typeOfSystem": "Waves",
        "applications": [
          "Port Management"
        ],
        "variablesUsed": [],
        "essentialOceanVariables": []
      }
    },
    {
      "type": "Feature",
      "geometry": {
        "type": "Polygon",
        "coordinates": [
          [
            [
              -1.9015,
              36.98232
            ],
            [
              -1.9015,
              36.95682
            ],
            [
              -1.8884,
              36.95682
            ],
            [
              -1.8884,
              36.98232
            ],
            [
              -1.9015,
              36.98232
            ]
          ]
        ]
      },
      "properties": {
        "title": "Agitaci\u00f3n Carboneras",
        "dataPolicy": "All generated data is freely available",
        "organization": [
          "Puertos del Estado"
        ],
        "otherLinks": "",
        "numericalModel": "Other wave model",
        "atmosphericModel": null,
        "oceanBasins": [
          "Mediterranean and Black Seas"
        ],
        "typeOfSystem": "Waves",
        "applications": [
          "Port Management"
        ],
        "variablesUsed": [],
        "essentialOceanVariables": []
      }
    },
    {
      "type": "Feature",
      "geometry": {
        "type": "Polygon",
        "coordinates": [
          [
            [
              -1.65,
              43.45
            ],
            [
              -1.65,
              43.525
            ],
            [
              -1.5,
              43.525
            ],
            [
              -1.5,
              43.45
            ],
            [
              -1.65,
              43.45
            ]
          ]
        ]
      },
      "properties": {
        "title": "Storm impact monitoring and forecasting system of Biarritz city",
        "dataPolicy": "The data is not available to third parties",
        "organization": [
          "Center Rivages Pro Tech of SUEZ"
        ],
        "otherLinks": "",
        "numericalModel": "BOSZ",
        "atmosphericModel": "ARPEGE EURAT01",
        "oceanBasins": [
          "North-East Atlantic"
        ],
        "typeOfSystem": "Sea level (storm surge)",
        "applications": [
          "Coastal Hazards"
        ],
        "variablesUsed": [
          "Wind"
        ],
        "essentialOceanVariables": []
      }
    },
    {
      "type": "Feature",
      "geometry": {
        "type": "Polygon",
        "coordinates": [
          [
            [
              -1.7,
              43.38
            ],
            [
              -1.7,
              43.43
            ],
            [
              -1.62,
              43.43
            ],
            [
              -1.62,
              43.38
            ],
            [
              -1.7,
              43.38
            ]
          ]
        ]
      },
      "properties": {
        "title": "Storm impact monitoring and forecasting system of Saint-Jean-de-Luz city",
        "dataPolicy": "The data is not available to third parties",
        "organization": [
          "Center Rivages Pro Tech of SUEZ"
        ],
        "otherLinks": "",
        "numericalModel": "BOSZ",
        "atmosphericModel": "ARPEGE EURAT01",
        "oceanBasins": [
          "North-East Atlantic"
        ],
        "typeOfSystem": "Sea level (storm surge)",
        "applications": [
          "Coastal Hazards"
        ],
        "variablesUsed": [
          "Wind"
        ],
        "essentialOceanVariables": []
      }
    },
    {
      "type": "Feature",
      "geometry": {
        "type": "Polygon",
        "coordinates": [
          [
            [
              3.4,
              43.25
            ],
            [
              3.4,
              43.5
            ],
            [
              3.9,
              43.5
            ],
            [
              3.9,
              43.25
            ],
            [
              3.4,
              43.25
            ]
          ]
        ]
      },
      "properties": {
        "title": "Storm impact monitoring and forecasting system of Thau shoreline",
        "dataPolicy": "All or part of the data is available under some type of license that implies a cost or specific agreement",
        "organization": [
          "Center Rivages Pro Tech of SUEZ"
        ],
        "otherLinks": "",
        "numericalModel": "SWAN - Simulating WAves Nearshore",
        "atmosphericModel": "ARPEGE EURAT01",
        "oceanBasins": [
          "Mediterranean and Black Seas"
        ],
        "typeOfSystem": "Waves",
        "applications": [
          "Coastal Hazards"
        ],
        "variablesUsed": [
          "Wind"
        ],
        "essentialOceanVariables": []
      }
    },
    {
      "type": "Feature",
      "geometry": {
        "type": "Polygon",
        "coordinates": [
          [
            [
              -4.2,
              43.3
            ],
            [
              -4.2,
              43.9
            ],
            [
              -3.3,
              43.9
            ],
            [
              -3.3,
              43.3
            ],
            [
              -4.2,
              43.3
            ]
          ]
        ]
      },
      "properties": {
        "title": "SAPO - Santander (coarse)",
        "dataPolicy": "All generated data is freely available",
        "organization": [
          "Puertos del Estado"
        ],
        "otherLinks": "",
        "numericalModel": "SWAN - Simulating WAves Nearshore",
        "atmosphericModel": "HARMONIE-AROME",
        "oceanBasins": [
          "North-East Atlantic"
        ],
        "typeOfSystem": "Waves",
        "applications": [
          "Coastal Hazards"
        ],
        "variablesUsed": [
          "Wind"
        ],
        "essentialOceanVariables": []
      }
    },
    {
      "type": "Feature",
      "geometry": {
        "type": "Polygon",
        "coordinates": [
          [
            [
              -5.986,
              43.61417
            ],
            [
              -5.986,
              43.5666
            ],
            [
              -5.9155,
              43.5666
            ],
            [
              -5.9155,
              43.61417
            ],
            [
              -5.986,
              43.61417
            ]
          ]
        ]
      },
      "properties": {
        "title": "Agitaci\u00f3n Aviles ",
        "dataPolicy": "All generated data is freely available",
        "organization": [
          "Puertos del Estado"
        ],
        "otherLinks": "",
        "numericalModel": "Other wave model",
        "atmosphericModel": null,
        "oceanBasins": [
          "North-East Atlantic"
        ],
        "typeOfSystem": "Waves",
        "applications": [
          "Port Management"
        ],
        "variablesUsed": [],
        "essentialOceanVariables": []
      }
    },
    {
      "type": "Feature",
      "geometry": {
        "type": "Polygon",
        "coordinates": [
          [
            [
              -16.25279,
              28.50434
            ],
            [
              -16.25279,
              28.44834
            ],
            [
              -16.18739,
              28.44834
            ],
            [
              -16.18739,
              28.50434
            ],
            [
              -16.25279,
              28.50434
            ]
          ]
        ]
      },
      "properties": {
        "title": "Agitaci\u00f3n Tenerife",
        "dataPolicy": "All generated data is freely available",
        "organization": [
          "Puertos del Estado"
        ],
        "otherLinks": "",
        "numericalModel": "Other wave model",
        "atmosphericModel": null,
        "oceanBasins": [
          "North-East Atlantic"
        ],
        "typeOfSystem": "Waves",
        "applications": [
          "Port Management"
        ],
        "variablesUsed": [],
        "essentialOceanVariables": []
      }
    },
    {
      "type": "Feature",
      "geometry": {
        "type": "Polygon",
        "coordinates": [
          [
            [
              -17.76924,
              28.6812
            ],
            [
              -17.76924,
              28.6646
            ],
            [
              -17.75744,
              28.6646
            ],
            [
              -17.75744,
              28.6812
            ],
            [
              -17.76924,
              28.6812
            ]
          ]
        ]
      },
      "properties": {
        "title": "Agitaci\u00f3n La Palma",
        "dataPolicy": "All generated data is freely available",
        "organization": [
          "Puertos del Estado"
        ],
        "otherLinks": "",
        "numericalModel": "Other wave model",
        "atmosphericModel": null,
        "oceanBasins": [
          "North-East Atlantic"
        ],
        "typeOfSystem": "Waves",
        "applications": [
          "Port Management"
        ],
        "variablesUsed": [],
        "essentialOceanVariables": []
      }
    },
    {
      "type": "Feature",
      "geometry": {
        "type": "Polygon",
        "coordinates": [
          [
            [
              -17.91425,
              27.79604
            ],
            [
              -17.91425,
              27.76619
            ],
            [
              -17.88545,
              27.76619
            ],
            [
              -17.88545,
              27.79604
            ],
            [
              -17.91425,
              27.79604
            ]
          ]
        ]
      },
      "properties": {
        "title": "Agitaci\u00f3n La Estaca",
        "dataPolicy": "All generated data is freely available",
        "organization": [
          "Puertos del Estado"
        ],
        "otherLinks": "",
        "numericalModel": "Other wave model",
        "atmosphericModel": null,
        "oceanBasins": [
          "North-East Atlantic"
        ],
        "typeOfSystem": "Waves",
        "applications": [
          "Port Management"
        ],
        "variablesUsed": [],
        "essentialOceanVariables": []
      }
    },
    {
      "type": "Feature",
      "geometry": {
        "type": "Polygon",
        "coordinates": [
          [
            [
              -16.52637,
              28.09407
            ],
            [
              -16.52637,
              28.04167
            ],
            [
              -16.47572,
              28.04167
            ],
            [
              -16.47572,
              28.09407
            ],
            [
              -16.52637,
              28.09407
            ]
          ]
        ]
      },
      "properties": {
        "title": "Agitaci\u00f3n Granadilla",
        "dataPolicy": "All generated data is freely available",
        "organization": [
          "Puertos del Estado"
        ],
        "otherLinks": "",
        "numericalModel": "Other wave model",
        "atmosphericModel": null,
        "oceanBasins": [
          "North-East Atlantic"
        ],
        "typeOfSystem": "Waves",
        "applications": [
          "Port Management"
        ],
        "variablesUsed": [],
        "essentialOceanVariables": []
      }
    },
    {
      "type": "Feature",
      "geometry": {
        "type": "Polygon",
        "coordinates": [
          [
            [
              -17.11869,
              28.09372
            ],
            [
              -17.11869,
              28.07292
            ],
            [
              -17.09724,
              28.07292
            ],
            [
              -17.09724,
              28.09372
            ],
            [
              -17.11869,
              28.09372
            ]
          ]
        ]
      },
      "properties": {
        "title": "Agitaci\u00f3n La Gomera",
        "dataPolicy": "All generated data is freely available",
        "organization": [
          "Puertos del Estado"
        ],
        "otherLinks": "",
        "numericalModel": "Other wave model",
        "atmosphericModel": null,
        "oceanBasins": [
          "North-East Atlantic"
        ],
        "typeOfSystem": "Waves",
        "applications": [
          "Port Management"
        ],
        "variablesUsed": [],
        "essentialOceanVariables": []
      }
    },
    {
      "type": "Feature",
      "geometry": {
        "type": "Polygon",
        "coordinates": [
          [
            [
              -0.5195785,
              38.35472
            ],
            [
              -0.5195785,
              38.29002
            ],
            [
              -0.457285,
              38.29002
            ],
            [
              -0.457285,
              38.35472
            ],
            [
              -0.5195785,
              38.35472
            ]
          ]
        ]
      },
      "properties": {
        "title": "Agitaci\u00f3n Alicante",
        "dataPolicy": "All generated data is freely available",
        "organization": [
          "Puertos del Estado"
        ],
        "otherLinks": "",
        "numericalModel": "Other wave model",
        "atmosphericModel": null,
        "oceanBasins": [
          "Mediterranean and Black Seas"
        ],
        "typeOfSystem": "Waves",
        "applications": [
          "Port Management"
        ],
        "variablesUsed": [],
        "essentialOceanVariables": []
      }
    },
    {
      "type": "Feature",
      "geometry": {
        "type": "Polygon",
        "coordinates": [
          [
            [
              2.666633,
              39.56885
            ],
            [
              2.666633,
              39.53125
            ],
            [
              2.614583,
              39.53125
            ],
            [
              2.614583,
              39.56885
            ],
            [
              2.666633,
              39.56885
            ]
          ]
        ]
      },
      "properties": {
        "title": "Agitaci\u00f3n Palma Mallorca",
        "dataPolicy": "All generated data is freely available",
        "organization": [
          "Puertos del Estado"
        ],
        "otherLinks": "",
        "numericalModel": "Other wave model",
        "atmosphericModel": null,
        "oceanBasins": [
          "Mediterranean and Black Seas"
        ],
        "typeOfSystem": "Waves",
        "applications": [
          "Port Management"
        ],
        "variablesUsed": [],
        "essentialOceanVariables": []
      }
    },
    {
      "type": "Feature",
      "geometry": {
        "type": "Polygon",
        "coordinates": [
          [
            [
              1.252424,
              41.11643
            ],
            [
              1.252424,
              41.06867
            ],
            [
              1.198954,
              41.06867
            ],
            [
              1.198954,
              41.11643
            ],
            [
              1.252424,
              41.11643
            ]
          ]
        ]
      },
      "properties": {
        "title": "Agitaci\u00f3n Tarragona",
        "dataPolicy": "All generated data is freely available",
        "organization": [
          "Puertos del Estado"
        ],
        "otherLinks": "",
        "numericalModel": "Other wave model",
        "atmosphericModel": null,
        "oceanBasins": [
          "Mediterranean and Black Seas"
        ],
        "typeOfSystem": "Waves",
        "applications": [
          "Port Management"
        ],
        "variablesUsed": [],
        "essentialOceanVariables": []
      }
    },
    {
      "type": "Feature",
      "geometry": {
        "type": "Polygon",
        "coordinates": [
          [
            [
              -3.11588,
              43.42092
            ],
            [
              -3.11588,
              43.30294
            ],
            [
              -2.99063,
              43.30294
            ],
            [
              -2.99063,
              43.42092
            ],
            [
              -3.11588,
              43.42092
            ]
          ]
        ]
      },
      "properties": {
        "title": "Agitaci\u00f3n Bilbao",
        "dataPolicy": "All generated data is freely available",
        "organization": [
          "Puertos del Estado"
        ],
        "otherLinks": "",
        "numericalModel": "Other wave model",
        "atmosphericModel": null,
        "oceanBasins": [
          "North-East Atlantic"
        ],
        "typeOfSystem": "Waves",
        "applications": [
          "Port Management"
        ],
        "variablesUsed": [],
        "essentialOceanVariables": []
      }
    },
    {
      "type": "Feature",
      "geometry": {
        "type": "Polygon",
        "coordinates": [
          [
            [
              -13.86469,
              28.49971
            ],
            [
              -13.86469,
              28.48611
            ],
            [
              -13.85069,
              28.48611
            ],
            [
              -13.85069,
              28.49971
            ],
            [
              -13.86469,
              28.49971
            ]
          ]
        ]
      },
      "properties": {
        "title": "Agitaci\u00f3n Rosario",
        "dataPolicy": "All generated data is freely available",
        "organization": [
          "Puertos del Estado"
        ],
        "otherLinks": "",
        "numericalModel": "Other wave model",
        "atmosphericModel": null,
        "oceanBasins": [
          "North-East Atlantic"
        ],
        "typeOfSystem": "Waves",
        "applications": [
          "Port Management"
        ],
        "variablesUsed": [],
        "essentialOceanVariables": []
      }
    },
    {
      "type": "Feature",
      "geometry": {
        "type": "Polygon",
        "coordinates": [
          [
            [
              -15.42884,
              28.17012
            ],
            [
              -15.42884,
              28.10417
            ],
            [
              -15.38544,
              28.10417
            ],
            [
              -15.38544,
              28.17012
            ],
            [
              -15.42884,
              28.17012
            ]
          ]
        ]
      },
      "properties": {
        "title": "Agitaci\u00f3n Las Palmas",
        "dataPolicy": "All generated data is freely available",
        "organization": [
          "Puertos del Estado"
        ],
        "otherLinks": "",
        "numericalModel": "Other wave model",
        "atmosphericModel": null,
        "oceanBasins": [
          "North-East Atlantic"
        ],
        "typeOfSystem": "Waves",
        "applications": [
          "Port Management"
        ],
        "variablesUsed": [],
        "essentialOceanVariables": []
      }
    },
    {
      "type": "Feature",
      "geometry": {
        "type": "Polygon",
        "coordinates": [
          [
            [
              -13.54279,
              28.97641
            ],
            [
              -13.54279,
              28.95486
            ],
            [
              -13.51739,
              28.95486
            ],
            [
              -13.51739,
              28.97641
            ],
            [
              -13.54279,
              28.97641
            ]
          ]
        ]
      },
      "properties": {
        "title": "Agitaci\u00f3n Arrecife",
        "dataPolicy": "All generated data is freely available",
        "organization": [
          "Puertos del Estado"
        ],
        "otherLinks": "",
        "numericalModel": "Other wave model",
        "atmosphericModel": null,
        "oceanBasins": [
          "North-East Atlantic"
        ],
        "typeOfSystem": "Waves",
        "applications": [
          "Port Management"
        ],
        "variablesUsed": [],
        "essentialOceanVariables": []
      }
    },
    {
      "type": "Feature",
      "geometry": {
        "type": "Polygon",
        "coordinates": [
          [
            [
              -15.42142,
              27.85372
            ],
            [
              -15.42142,
              27.82637
            ],
            [
              -15.38892,
              27.82637
            ],
            [
              -15.38892,
              27.85372
            ],
            [
              -15.42142,
              27.85372
            ]
          ]
        ]
      },
      "properties": {
        "title": "Agitaci\u00f3n Arinaga",
        "dataPolicy": "All generated data is freely available",
        "organization": [
          "Puertos del Estado"
        ],
        "otherLinks": "",
        "numericalModel": "Other wave model",
        "atmosphericModel": null,
        "oceanBasins": [
          "North-East Atlantic"
        ],
        "typeOfSystem": "Waves",
        "applications": [
          "Port Management"
        ],
        "variablesUsed": [],
        "essentialOceanVariables": []
      }
    },
    {
      "type": "Feature",
      "geometry": {
        "type": "Polygon",
        "coordinates": [
          [
            [
              -1.944444,
              43.3437
            ],
            [
              -1.944444,
              43.31901
            ],
            [
              -1.901894,
              43.31901
            ],
            [
              -1.901894,
              43.3437
            ],
            [
              -1.944444,
              43.3437
            ]
          ]
        ]
      },
      "properties": {
        "title": "Agitaci\u00f3n Pasajes",
        "dataPolicy": "All generated data is freely available",
        "organization": [
          "Puertos del Estado"
        ],
        "otherLinks": "",
        "numericalModel": "Other wave model",
        "atmosphericModel": null,
        "oceanBasins": [
          "North-East Atlantic"
        ],
        "typeOfSystem": "Waves",
        "applications": [
          "Port Management"
        ],
        "variablesUsed": [],
        "essentialOceanVariables": []
      }
    },
    {
      "type": "Feature",
      "geometry": {
        "type": "Polygon",
        "coordinates": [
          [
            [
              -4.434853,
              36.71844
            ],
            [
              -4.434853,
              36.69444
            ],
            [
              -4.406252,
              36.69444
            ],
            [
              -4.406252,
              36.71844
            ],
            [
              -4.434853,
              36.71844
            ]
          ]
        ]
      },
      "properties": {
        "title": "Agitaci\u00f3n M\u00e1laga",
        "dataPolicy": "All generated data is freely available",
        "organization": [
          "Puertos del Estado"
        ],
        "otherLinks": "",
        "numericalModel": "Other wave model",
        "atmosphericModel": null,
        "oceanBasins": [
          "Mediterranean and Black Seas"
        ],
        "typeOfSystem": "Waves",
        "applications": [
          "Port Management"
        ],
        "variablesUsed": [],
        "essentialOceanVariables": []
      }
    },
    {
      "type": "Feature",
      "geometry": {
        "type": "Polygon",
        "coordinates": [
          [
            [
              -8.54488,
              43.36
            ],
            [
              -8.54488,
              43.34464
            ],
            [
              -8.48879,
              43.34464
            ],
            [
              -8.48879,
              43.36
            ],
            [
              -8.54488,
              43.36
            ]
          ]
        ]
      },
      "properties": {
        "title": "Agitaci\u00f3n Langosteira ",
        "dataPolicy": "All generated data is freely available",
        "organization": [
          "Puertos del Estado"
        ],
        "otherLinks": "",
        "numericalModel": "Other wave model",
        "atmosphericModel": null,
        "oceanBasins": [
          "North-East Atlantic"
        ],
        "typeOfSystem": "Waves",
        "applications": [
          "Port Management"
        ],
        "variablesUsed": [],
        "essentialOceanVariables": []
      }
    },
    {
      "type": "Feature",
      "geometry": {
        "type": "Polygon",
        "coordinates": [
          [
            [
              -7.486971,
              43.73517
            ],
            [
              -7.486971,
              43.69217
            ],
            [
              -7.425771,
              43.69217
            ],
            [
              -7.425771,
              43.73517
            ],
            [
              -7.486971,
              43.73517
            ]
          ]
        ]
      },
      "properties": {
        "title": "Agitaci\u00f3n San Cibrao",
        "dataPolicy": "All generated data is freely available",
        "organization": [
          "Puertos del Estado"
        ],
        "otherLinks": "",
        "numericalModel": "Other wave model",
        "atmosphericModel": null,
        "oceanBasins": [
          "North-East Atlantic"
        ],
        "typeOfSystem": "Waves",
        "applications": [
          "Port Management"
        ],
        "variablesUsed": [],
        "essentialOceanVariables": []
      }
    },
    {
      "type": "Feature",
      "geometry": {
        "type": "Polygon",
        "coordinates": [
          [
            [
              -5.641244,
              43.60015
            ],
            [
              -5.641244,
              43.54025
            ],
            [
              -5.731444,
              43.54025
            ],
            [
              -5.731444,
              43.60015
            ],
            [
              -5.641244,
              43.60015
            ]
          ]
        ]
      },
      "properties": {
        "title": "Onda Larga Gij\u00f3n ",
        "dataPolicy": "All generated data is freely available",
        "organization": [
          "Puertos del Estado"
        ],
        "otherLinks": "",
        "numericalModel": "Other wave model",
        "atmosphericModel": null,
        "oceanBasins": [
          "North-East Atlantic"
        ],
        "typeOfSystem": "Waves",
        "applications": [
          "Port Management"
        ],
        "variablesUsed": [],
        "essentialOceanVariables": []
      }
    },
    {
      "type": "Feature",
      "geometry": {
        "type": "Polygon",
        "coordinates": [
          [
            [
              -8.181247,
              43.49246
            ],
            [
              -8.181247,
              43.43931
            ],
            [
              -8.349096,
              43.43931
            ],
            [
              -8.349096,
              43.49246
            ],
            [
              -8.181247,
              43.49246
            ]
          ]
        ]
      },
      "properties": {
        "title": "Onda Larga Ferrol",
        "dataPolicy": "All generated data is freely available",
        "organization": [
          "Puertos del Estado"
        ],
        "otherLinks": "",
        "numericalModel": "Other wave model",
        "atmosphericModel": null,
        "oceanBasins": [
          "North-East Atlantic"
        ],
        "typeOfSystem": "Waves",
        "applications": [
          "Port Management"
        ],
        "variablesUsed": [],
        "essentialOceanVariables": []
      }
    },
    {
      "type": "Feature",
      "geometry": {
        "type": "Polygon",
        "coordinates": [
          [
            [
              -0.7542,
              38.7803
            ],
            [
              -0.7542,
              37.9719
            ],
            [
              0.2188,
              37.9719
            ],
            [
              0.2188,
              38.7803
            ],
            [
              -0.7542,
              38.7803
            ]
          ]
        ]
      },
      "properties": {
        "title": "SAMOA CST-ALM (Almer\u00eda)",
        "dataPolicy": "All generated data is freely available",
        "organization": [
          "Puertos del Estado"
        ],
        "otherLinks": "",
        "numericalModel": "ROMS - The Regional Ocean Modeling System",
        "atmosphericModel": "HARMONIE-AROME",
        "oceanBasins": [
          "Mediterranean and Black Seas"
        ],
        "typeOfSystem": "Circulation",
        "applications": [
          "Coastal Hazards",
          "Oil spill fight"
        ],
        "variablesUsed": [
          "Wind"
        ],
        "essentialOceanVariables": []
      }
    },
    {
      "type": "Feature",
      "geometry": {
        "type": "Polygon",
        "coordinates": [
          [
            [
              -2.828408,
              37.14833
            ],
            [
              -2.828408,
              36.14177
            ],
            [
              -1.497172,
              36.14177
            ],
            [
              -1.497172,
              37.14833
            ],
            [
              -2.828408,
              37.14833
            ]
          ]
        ]
      },
      "properties": {
        "title": "SAMOA CST-ALM (Almer\u00eda)",
        "dataPolicy": "All generated data is freely available",
        "organization": [
          "Puertos del Estado"
        ],
        "otherLinks": "",
        "numericalModel": "ROMS - The Regional Ocean Modeling System",
        "atmosphericModel": "HARMONIE-AROME",
        "oceanBasins": [
          "Mediterranean and Black Seas"
        ],
        "typeOfSystem": "Circulation",
        "applications": [
          "Coastal Hazards",
          "Oil spill fight"
        ],
        "variablesUsed": [
          "Wind"
        ],
        "essentialOceanVariables": []
      }
    },
    {
      "type": "Feature",
      "geometry": {
        "type": "Polygon",
        "coordinates": [
          [
            [
              1.806717,
              41.54906
            ],
            [
              1.806717,
              41.01693
            ],
            [
              2.536523,
              41.01693
            ],
            [
              2.536523,
              41.54906
            ],
            [
              1.806717,
              41.54906
            ]
          ]
        ]
      },
      "properties": {
        "title": "SAMOA CST-BCN (Barcelona)",
        "dataPolicy": "All generated data is freely available",
        "organization": [
          "Puertos del Estado"
        ],
        "otherLinks": "",
        "numericalModel": "ROMS - The Regional Ocean Modeling System",
        "atmosphericModel": "HARMONIE-AROME",
        "oceanBasins": [
          "Mediterranean and Black Seas"
        ],
        "typeOfSystem": "Circulation",
        "applications": [
          "Coastal Hazards",
          "Oil spill fight"
        ],
        "variablesUsed": [
          "Wind"
        ],
        "essentialOceanVariables": []
      }
    },
    {
      "type": "Feature",
      "geometry": {
        "type": "Polygon",
        "coordinates": [
          [
            [
              -3.536967,
              43.76962
            ],
            [
              -3.536967,
              43.30622
            ],
            [
              -2.698517,
              43.30622
            ],
            [
              -2.698517,
              43.76962
            ],
            [
              -3.536967,
              43.76962
            ]
          ]
        ]
      },
      "properties": {
        "title": "SAMOA CST-BIL (Bilbao)",
        "dataPolicy": "All generated data is freely available",
        "organization": [
          "Puertos del Estado"
        ],
        "otherLinks": "",
        "numericalModel": "ROMS - The Regional Ocean Modeling System",
        "atmosphericModel": "HARMONIE-AROME",
        "oceanBasins": [
          "North-East Atlantic"
        ],
        "typeOfSystem": "Circulation",
        "applications": [
          "Coastal Hazards",
          "Oil spill fight"
        ],
        "variablesUsed": [
          "Wind"
        ],
        "essentialOceanVariables": []
      }
    },
    {
      "type": "Feature",
      "geometry": {
        "type": "Polygon",
        "coordinates": [
          [
            [
              -1.422498,
              37.67209
            ],
            [
              -1.422498,
              37.22035
            ],
            [
              -0.723983,
              37.22035
            ],
            [
              -0.723983,
              37.67209
            ],
            [
              -1.422498,
              37.67209
            ]
          ]
        ]
      },
      "properties": {
        "title": "SAMOA CST-CAR (Cartagena)",
        "dataPolicy": "All generated data is freely available",
        "organization": [
          "Puertos del Estado"
        ],
        "otherLinks": "",
        "numericalModel": "ROMS - The Regional Ocean Modeling System",
        "atmosphericModel": "HARMONIE-AROME",
        "oceanBasins": [
          "Mediterranean and Black Seas"
        ],
        "typeOfSystem": "Circulation",
        "applications": [
          "Coastal Hazards",
          "Oil spill fight"
        ],
        "variablesUsed": [
          "Wind"
        ],
        "essentialOceanVariables": []
      }
    },
    {
      "type": "Feature",
      "geometry": {
        "type": "Polygon",
        "coordinates": [
          [
            [
              -0.3633725,
              40.24778
            ],
            [
              -0.3633725,
              39.30775
            ],
            [
              0.7252149,
              39.30775
            ],
            [
              0.7252149,
              40.24778
            ],
            [
              -0.3633725,
              40.24778
            ]
          ]
        ]
      },
      "properties": {
        "title": "SAMOA CST-CAS (Castell\u00f3n)",
        "dataPolicy": "All generated data is freely available",
        "organization": [
          "Puertos del Estado"
        ],
        "otherLinks": "",
        "numericalModel": "ROMS - The Regional Ocean Modeling System",
        "atmosphericModel": "HARMONIE-AROME",
        "oceanBasins": [
          "Mediterranean and Black Seas"
        ],
        "typeOfSystem": "Circulation",
        "applications": [
          "Coastal Hazards",
          "Oil spill fight"
        ],
        "variablesUsed": [
          "Wind"
        ],
        "essentialOceanVariables": []
      }
    },
    {
      "type": "Feature",
      "geometry": {
        "type": "Polygon",
        "coordinates": [
          [
            [
              -5.611113,
              36.18905
            ],
            [
              -5.611113,
              35.75441
            ],
            [
              -4.95891,
              35.75441
            ],
            [
              -4.95891,
              36.18905
            ],
            [
              -5.611113,
              36.18905
            ]
          ]
        ]
      },
      "properties": {
        "title": "SAMOA CST-CEU (Ceuta)",
        "dataPolicy": "All generated data is freely available",
        "organization": [
          "Puertos del Estado"
        ],
        "otherLinks": "",
        "numericalModel": "ROMS - The Regional Ocean Modeling System",
        "atmosphericModel": "HARMONIE-AROME",
        "oceanBasins": [
          "Mediterranean and Black Seas"
        ],
        "typeOfSystem": "Circulation",
        "applications": [
          "Coastal Hazards",
          "Oil spill fight"
        ],
        "variablesUsed": [
          "Wind"
        ],
        "essentialOceanVariables": []
      }
    },
    {
      "type": "Feature",
      "geometry": {
        "type": "Polygon",
        "coordinates": [
          [
            [
              -8.668548,
              43.51878
            ],
            [
              -8.668548,
              43.29311
            ],
            [
              -8.170481,
              43.29311
            ],
            [
              -8.170481,
              43.51878
            ],
            [
              -8.668548,
              43.51878
            ]
          ]
        ]
      },
      "properties": {
        "title": "SAMOA CST-FER (Ferrol)",
        "dataPolicy": "All generated data is freely available",
        "organization": [
          "Puertos del Estado"
        ],
        "otherLinks": "",
        "numericalModel": "ROMS - The Regional Ocean Modeling System",
        "atmosphericModel": "HARMONIE-AROME",
        "oceanBasins": [
          "North-East Atlantic"
        ],
        "typeOfSystem": "Circulation",
        "applications": [
          "Coastal Hazards",
          "Oil spill fight"
        ],
        "variablesUsed": [
          "Wind"
        ],
        "essentialOceanVariables": []
      }
    },
    {
      "type": "Feature",
      "geometry": {
        "type": "Polygon",
        "coordinates": [
          [
            [
              -15.56087,
              28.34982
            ],
            [
              -15.56087,
              27.58441
            ],
            [
              -15.03442,
              27.58441
            ],
            [
              -15.03442,
              28.34982
            ],
            [
              -15.56087,
              28.34982
            ]
          ]
        ]
      },
      "properties": {
        "title": "SAMOA CST-GCN (Las Palmas)",
        "dataPolicy": "All generated data is freely available",
        "organization": [
          "Puertos del Estado"
        ],
        "otherLinks": "",
        "numericalModel": "ROMS - The Regional Ocean Modeling System",
        "atmosphericModel": "HARMONIE-AROME",
        "oceanBasins": [
          "North-East Atlantic"
        ],
        "typeOfSystem": "Circulation",
        "applications": [
          "Coastal Hazards",
          "Oil spill fight"
        ],
        "variablesUsed": [
          "Wind"
        ],
        "essentialOceanVariables": []
      }
    },
    {
      "type": "Feature",
      "geometry": {
        "type": "Polygon",
        "coordinates": [
          [
            [
              -6.236946,
              43.88017
            ],
            [
              -6.236946,
              43.53315
            ],
            [
              -5.297031,
              43.53315
            ],
            [
              -5.297031,
              43.88017
            ],
            [
              -6.236946,
              43.88017
            ]
          ]
        ]
      },
      "properties": {
        "title": "SAMOA CST-GIJ (Gij\u00f3n)",
        "dataPolicy": "All generated data is freely available",
        "organization": [
          "Puertos del Estado"
        ],
        "otherLinks": "",
        "numericalModel": "ROMS - The Regional Ocean Modeling System",
        "atmosphericModel": "HARMONIE-AROME",
        "oceanBasins": [
          "North-East Atlantic"
        ],
        "typeOfSystem": "Circulation",
        "applications": [
          "Coastal Hazards",
          "Oil spill fight"
        ],
        "variablesUsed": [
          "Wind"
        ],
        "essentialOceanVariables": []
      }
    },
    {
      "type": "Feature",
      "geometry": {
        "type": "Polygon",
        "coordinates": [
          [
            [
              -17.99041,
              27.92106
            ],
            [
              -17.99041,
              27.70443
            ],
            [
              -17.80795,
              27.70443
            ],
            [
              -17.80795,
              27.92106
            ],
            [
              -17.99041,
              27.92106
            ]
          ]
        ]
      },
      "properties": {
        "title": "SAMOA CST-HIE (Hierro)",
        "dataPolicy": "All generated data is freely available",
        "organization": [
          "Puertos del Estado"
        ],
        "otherLinks": "",
        "numericalModel": "ROMS - The Regional Ocean Modeling System",
        "atmosphericModel": "HARMONIE-AROME",
        "oceanBasins": [
          "North-East Atlantic"
        ],
        "typeOfSystem": "Circulation",
        "applications": [
          "Coastal Hazards",
          "Oil spill fight"
        ],
        "variablesUsed": [
          "Wind"
        ],
        "essentialOceanVariables": []
      }
    },
    {
      "type": "Feature",
      "geometry": {
        "type": "Polygon",
        "coordinates": [
          [
            [
              -7.929208,
              37.41082
            ],
            [
              -7.929208,
              36.65463
            ],
            [
              -6.649705,
              36.65463
            ],
            [
              -6.649705,
              37.41082
            ],
            [
              -7.929208,
              37.41082
            ]
          ]
        ]
      },
      "properties": {
        "title": "SAMOA CST-HUE (Huelva)",
        "dataPolicy": "All generated data is freely available",
        "organization": [
          "Puertos del Estado"
        ],
        "otherLinks": "",
        "numericalModel": "ROMS - The Regional Ocean Modeling System",
        "atmosphericModel": "HARMONIE-AROME",
        "oceanBasins": [
          "North-East Atlantic"
        ],
        "typeOfSystem": "Circulation",
        "applications": [
          "Coastal Hazards",
          "Oil spill fight"
        ],
        "variablesUsed": [
          "Wind"
        ],
        "essentialOceanVariables": []
      }
    },
    {
      "type": "Feature",
      "geometry": {
        "type": "Polygon",
        "coordinates": [
          [
            [
              0.6518837,
              39.31651
            ],
            [
              0.6518837,
              38.53171
            ],
            [
              1.882536,
              38.53171
            ],
            [
              1.882536,
              39.31651
            ],
            [
              0.6518837,
              39.31651
            ]
          ]
        ]
      },
      "properties": {
        "title": "SAMOA CST-IBS (Isla Ibiza)",
        "dataPolicy": "All generated data is freely available",
        "organization": [
          "Puertos del Estado"
        ],
        "otherLinks": "",
        "numericalModel": "ROMS - The Regional Ocean Modeling System",
        "atmosphericModel": "HARMONIE-AROME",
        "oceanBasins": [
          "Mediterranean and Black Seas"
        ],
        "typeOfSystem": "Circulation",
        "applications": [
          "Coastal Hazards",
          "Oil spill fight"
        ],
        "variablesUsed": [
          "Wind"
        ],
        "essentialOceanVariables": []
      }
    },
    {
      "type": "Feature",
      "geometry": {
        "type": "Polygon",
        "coordinates": [
          [
            [
              -14.36396,
              29.84049
            ],
            [
              -14.36396,
              28.28112
            ],
            [
              -12.88156,
              28.28112
            ],
            [
              -12.88156,
              29.84049
            ],
            [
              -14.36396,
              29.84049
            ]
          ]
        ]
      },
      "properties": {
        "title": "SAMOA CST-LNZ (Isla Lanzarote)",
        "dataPolicy": "All generated data is freely available",
        "organization": [
          "Puertos del Estado"
        ],
        "otherLinks": "",
        "numericalModel": "ROMS - The Regional Ocean Modeling System",
        "atmosphericModel": "HARMONIE-AROME",
        "oceanBasins": [
          "North-East Atlantic"
        ],
        "typeOfSystem": "Circulation",
        "applications": [
          "Coastal Hazards",
          "Oil spill fight"
        ],
        "variablesUsed": [
          "Wind"
        ],
        "essentialOceanVariables": []
      }
    },
    {
      "type": "Feature",
      "geometry": {
        "type": "Polygon",
        "coordinates": [
          [
            [
              4.224102,
              40.03231
            ],
            [
              4.224102,
              39.72947
            ],
            [
              4.4292,
              39.72947
            ],
            [
              4.4292,
              40.03231
            ],
            [
              4.224102,
              40.03231
            ]
          ]
        ]
      },
      "properties": {
        "title": "SAMOA CST-MAO (Mah\u00f3n)",
        "dataPolicy": "All generated data is freely available",
        "organization": [
          "Puertos del Estado"
        ],
        "otherLinks": "",
        "numericalModel": "ROMS - The Regional Ocean Modeling System",
        "atmosphericModel": "HARMONIE-AROME",
        "oceanBasins": [
          "Mediterranean and Black Seas"
        ],
        "typeOfSystem": "Circulation",
        "applications": [
          "Coastal Hazards",
          "Oil spill fight"
        ],
        "variablesUsed": [
          "Wind"
        ],
        "essentialOceanVariables": []
      }
    },
    {
      "type": "Feature",
      "geometry": {
        "type": "Polygon",
        "coordinates": [
          [
            [
              -4.654275,
              36.87165
            ],
            [
              -4.654275,
              36.36714
            ],
            [
              -3.984744,
              36.36714
            ],
            [
              -3.984744,
              36.87165
            ],
            [
              -4.654275,
              36.87165
            ]
          ]
        ]
      },
      "properties": {
        "title": "SAMOA CST-MLG (M\u00e1laga)",
        "dataPolicy": "All generated data is freely available",
        "organization": [
          "Puertos del Estado"
        ],
        "otherLinks": "",
        "numericalModel": "ROMS - The Regional Ocean Modeling System",
        "atmosphericModel": "HARMONIE-AROME",
        "oceanBasins": [
          "Mediterranean and Black Seas"
        ],
        "typeOfSystem": "Circulation",
        "applications": [
          "Coastal Hazards",
          "Oil spill fight"
        ],
        "variablesUsed": [
          "Wind"
        ],
        "essentialOceanVariables": []
      }
    },
    {
      "type": "Feature",
      "geometry": {
        "type": "Polygon",
        "coordinates": [
          [
            [
              -17.79641,
              28.79868
            ],
            [
              -17.79641,
              28.54946
            ],
            [
              -17.59529,
              28.54946
            ],
            [
              -17.59529,
              28.79868
            ],
            [
              -17.79641,
              28.79868
            ]
          ]
        ]
      },
      "properties": {
        "title": "SAMOA CST-PAL (S. C. de la Palma)",
        "dataPolicy": "All generated data is freely available",
        "organization": [
          "Puertos del Estado"
        ],
        "otherLinks": "",
        "numericalModel": "ROMS - The Regional Ocean Modeling System",
        "atmosphericModel": "HARMONIE-AROME",
        "oceanBasins": [
          "North-East Atlantic"
        ],
        "typeOfSystem": "Circulation",
        "applications": [
          "Coastal Hazards",
          "Oil spill fight"
        ],
        "variablesUsed": [
          "Wind"
        ],
        "essentialOceanVariables": []
      }
    },
    {
      "type": "Feature",
      "geometry": {
        "type": "Polygon",
        "coordinates": [
          [
            [
              1.899405,
              39.85857
            ],
            [
              1.899405,
              39.0609
            ],
            [
              2.992217,
              39.0609
            ],
            [
              2.992217,
              39.85857
            ],
            [
              1.899405,
              39.85857
            ]
          ]
        ]
      },
      "properties": {
        "title": "SAMOA CST-PAM (Palma de Mallorca)",
        "dataPolicy": "All generated data is freely available",
        "organization": [
          "Puertos del Estado"
        ],
        "otherLinks": "",
        "numericalModel": "ROMS - The Regional Ocean Modeling System",
        "atmosphericModel": "HARMONIE-AROME",
        "oceanBasins": [
          "Mediterranean and Black Seas"
        ],
        "typeOfSystem": "Circulation",
        "applications": [
          "Coastal Hazards",
          "Oil spill fight"
        ],
        "variablesUsed": [
          "Wind"
        ],
        "essentialOceanVariables": []
      }
    },
    {
      "type": "Feature",
      "geometry": {
        "type": "Polygon",
        "coordinates": [
          [
            [
              -2.319664,
              43.79285
            ],
            [
              -2.319664,
              43.24839
            ],
            [
              -1.273818,
              43.24839
            ],
            [
              -1.273818,
              43.79285
            ],
            [
              -2.319664,
              43.79285
            ]
          ]
        ]
      },
      "properties": {
        "title": "SAMOA CST-PAS (Pasajes)",
        "dataPolicy": "All generated data is freely available",
        "organization": [
          "Puertos del Estado"
        ],
        "otherLinks": "",
        "numericalModel": "ROMS - The Regional Ocean Modeling System",
        "atmosphericModel": "HARMONIE-AROME",
        "oceanBasins": [
          "North-East Atlantic"
        ],
        "typeOfSystem": "Circulation",
        "applications": [
          "Coastal Hazards",
          "Oil spill fight"
        ],
        "variablesUsed": [
          "Wind"
        ],
        "essentialOceanVariables": []
      }
    },
    {
      "type": "Feature",
      "geometry": {
        "type": "Polygon",
        "coordinates": [
          [
            [
              -9.61109,
              42.82704
            ],
            [
              -9.61109,
              41.96265
            ],
            [
              -8.601356,
              41.96265
            ],
            [
              -8.601356,
              42.82704
            ],
            [
              -9.61109,
              42.82704
            ]
          ]
        ]
      },
      "properties": {
        "title": "SAMOA CST-RBX (Rias Baixas)",
        "dataPolicy": "All generated data is freely available",
        "organization": [
          "Puertos del Estado"
        ],
        "otherLinks": "",
        "numericalModel": "ROMS - The Regional Ocean Modeling System",
        "atmosphericModel": "HARMONIE-AROME",
        "oceanBasins": [
          "North-East Atlantic"
        ],
        "typeOfSystem": "Circulation",
        "applications": [
          "Coastal Hazards",
          "Oil spill fight"
        ],
        "variablesUsed": [
          "Wind"
        ],
        "essentialOceanVariables": []
      }
    },
    {
      "type": "Feature",
      "geometry": {
        "type": "Polygon",
        "coordinates": [
          [
            [
              -4.0,
              43.3
            ],
            [
              -4.0,
              43.6
            ],
            [
              -3.6,
              43.6
            ],
            [
              -3.6,
              43.3
            ],
            [
              -4.0,
              43.3
            ]
          ]
        ]
      },
      "properties": {
        "title": "SAPO - Santander",
        "dataPolicy": "All generated data is freely available",
        "organization": [
          "Puertos del Estado"
        ],
        "otherLinks": "",
        "numericalModel": "SWAN - Simulating WAves Nearshore",
        "atmosphericModel": "HARMONIE-AROME",
        "oceanBasins": [
          "North-East Atlantic"
        ],
        "typeOfSystem": "Waves",
        "applications": [
          "Coastal Hazards"
        ],
        "variablesUsed": [
          "Wind"
        ],
        "essentialOceanVariables": []
      }
    },
    {
      "type": "Feature",
      "geometry": {
        "type": "Polygon",
        "coordinates": [
          [
            [
              -16.19161,
              28.5015
            ],
            [
              -16.19161,
              28.44375
            ],
            [
              -16.27201,
              28.44375
            ],
            [
              -16.27201,
              28.5015
            ],
            [
              -16.19161,
              28.5015
            ]
          ]
        ]
      },
      "properties": {
        "title": "Onda Larga Tenerife",
        "dataPolicy": "All generated data is freely available",
        "organization": [
          "Puertos del Estado"
        ],
        "otherLinks": "",
        "numericalModel": "Other wave model",
        "atmosphericModel": null,
        "oceanBasins": [
          "North-East Atlantic"
        ],
        "typeOfSystem": "Waves",
        "applications": [
          "Port Management"
        ],
        "variablesUsed": [],
        "essentialOceanVariables": []
      }
    },
    {
      "type": "Feature",
      "geometry": {
        "type": "Polygon",
        "coordinates": [
          [
            [
              -8.181247,
              43.49246
            ],
            [
              -8.181247,
              43.43931
            ],
            [
              -8.349096,
              43.43931
            ],
            [
              -8.349096,
              43.49246
            ],
            [
              -8.181247,
              43.49246
            ]
          ]
        ]
      },
      "properties": {
        "title": "Onda Larga La Palma",
        "dataPolicy": "All generated data is freely available",
        "organization": [
          "Puertos del Estado"
        ],
        "otherLinks": "",
        "numericalModel": "Other wave model",
        "atmosphericModel": null,
        "oceanBasins": [
          "North-East Atlantic"
        ],
        "typeOfSystem": "Waves",
        "applications": [
          "Port Management"
        ],
        "variablesUsed": [],
        "essentialOceanVariables": []
      }
    },
    {
      "type": "Feature",
      "geometry": {
        "type": "Polygon",
        "coordinates": [
          [
            [
              -16.47308,
              28.09335
            ],
            [
              -16.47308,
              28.0544
            ],
            [
              -16.51258,
              28.0544
            ],
            [
              -16.51258,
              28.09335
            ],
            [
              -16.47308,
              28.09335
            ]
          ]
        ]
      },
      "properties": {
        "title": "Onda Larga Granadilla",
        "dataPolicy": "All generated data is freely available",
        "organization": [
          "Puertos del Estado"
        ],
        "otherLinks": "",
        "numericalModel": "Other wave model",
        "atmosphericModel": null,
        "oceanBasins": [
          "North-East Atlantic"
        ],
        "typeOfSystem": "Waves",
        "applications": [
          "Port Management"
        ],
        "variablesUsed": [],
        "essentialOceanVariables": []
      }
    },
    {
      "type": "Feature",
      "geometry": {
        "type": "Polygon",
        "coordinates": [
          [
            [
              -17.09751,
              28.09527
            ],
            [
              -17.09751,
              28.07197
            ],
            [
              -17.11786,
              28.07197
            ],
            [
              -17.11786,
              28.09527
            ],
            [
              -17.09751,
              28.09527
            ]
          ]
        ]
      },
      "properties": {
        "title": "Onda Larga La Gomera",
        "dataPolicy": "All generated data is freely available",
        "organization": [
          "Puertos del Estado"
        ],
        "otherLinks": "",
        "numericalModel": "Other wave model",
        "atmosphericModel": null,
        "oceanBasins": [
          "North-East Atlantic"
        ],
        "typeOfSystem": "Waves",
        "applications": [
          "Port Management"
        ],
        "variablesUsed": [],
        "essentialOceanVariables": []
      }
    },
    {
      "type": "Feature",
      "geometry": {
        "type": "Polygon",
        "coordinates": [
          [
            [
              -6.7829,
              37.27145
            ],
            [
              -6.7829,
              37.09145
            ],
            [
              -6.9761,
              37.09145
            ],
            [
              -6.9761,
              37.27145
            ],
            [
              -6.7829,
              37.27145
            ]
          ]
        ]
      },
      "properties": {
        "title": "Onda Larga Huelva",
        "dataPolicy": "All generated data is freely available",
        "organization": [
          "Puertos del Estado"
        ],
        "otherLinks": "",
        "numericalModel": "Other wave model",
        "atmosphericModel": null,
        "oceanBasins": [
          "North-East Atlantic"
        ],
        "typeOfSystem": "Waves",
        "applications": [
          "Port Management"
        ],
        "variablesUsed": [],
        "essentialOceanVariables": []
      }
    },
    {
      "type": "Feature",
      "geometry": {
        "type": "Polygon",
        "coordinates": [
          [
            [
              -7.98274,
              44.23808
            ],
            [
              -7.98274,
              43.55499
            ],
            [
              -7.168141,
              43.55499
            ],
            [
              -7.168141,
              44.23808
            ],
            [
              -7.98274,
              44.23808
            ]
          ]
        ]
      },
      "properties": {
        "title": "SAMOA CST-SCI (San Cibrao)",
        "dataPolicy": "All generated data is freely available",
        "organization": [
          "Puertos del Estado"
        ],
        "otherLinks": "",
        "numericalModel": "ROMS - The Regional Ocean Modeling System",
        "atmosphericModel": "HARMONIE-AROME",
        "oceanBasins": [
          "North-East Atlantic"
        ],
        "typeOfSystem": "Circulation",
        "applications": [
          "Coastal Hazards",
          "Oil spill fight"
        ],
        "variablesUsed": [
          "Wind"
        ],
        "essentialOceanVariables": []
      }
    },
    {
      "type": "Feature",
      "geometry": {
        "type": "Polygon",
        "coordinates": [
          [
            [
              0.5574515,
              41.25013
            ],
            [
              0.5574515,
              40.38317
            ],
            [
              1.687673,
              40.38317
            ],
            [
              1.687673,
              41.25013
            ],
            [
              0.5574515,
              41.25013
            ]
          ]
        ]
      },
      "properties": {
        "title": "SAMOA CST-TAR (Tarragona)",
        "dataPolicy": "All generated data is freely available",
        "organization": [
          "Puertos del Estado"
        ],
        "otherLinks": "",
        "numericalModel": "ROMS - The Regional Ocean Modeling System",
        "atmosphericModel": "HARMONIE-AROME",
        "oceanBasins": [
          "Mediterranean and Black Seas"
        ],
        "typeOfSystem": "Circulation",
        "applications": [
          "Coastal Hazards",
          "Oil spill fight"
        ],
        "variablesUsed": [
          "Wind"
        ],
        "essentialOceanVariables": []
      }
    },
    {
      "type": "Feature",
      "geometry": {
        "type": "Polygon",
        "coordinates": [
          [
            [
              -16.42213,
              28.56344
            ],
            [
              -16.42213,
              28.23613
            ],
            [
              -16.05436,
              28.23613
            ],
            [
              -16.05436,
              28.56344
            ],
            [
              -16.42213,
              28.56344
            ]
          ]
        ]
      },
      "properties": {
        "title": "SAMOA CST-TEN (Tenerife)",
        "dataPolicy": "All generated data is freely available",
        "organization": [
          "Puertos del Estado"
        ],
        "otherLinks": "",
        "numericalModel": "ROMS - The Regional Ocean Modeling System",
        "atmosphericModel": "HARMONIE-AROME",
        "oceanBasins": [
          "North-East Atlantic"
        ],
        "typeOfSystem": "Circulation",
        "applications": [
          "Coastal Hazards",
          "Oil spill fight"
        ],
        "variablesUsed": [
          "Wind"
        ],
        "essentialOceanVariables": []
      }
    },
    {
      "type": "Feature",
      "geometry": {
        "type": "Polygon",
        "coordinates": [
          [
            [
              -17.26409,
              28.42159
            ],
            [
              -17.26409,
              27.66966
            ],
            [
              -16.29799,
              27.66966
            ],
            [
              -16.29799,
              28.42159
            ],
            [
              -17.26409,
              28.42159
            ]
          ]
        ]
      },
      "properties": {
        "title": "SAMOA CST-TNS (Tenerife Sur)",
        "dataPolicy": "All generated data is freely available",
        "organization": [
          "Puertos del Estado"
        ],
        "otherLinks": "",
        "numericalModel": "ROMS - The Regional Ocean Modeling System",
        "atmosphericModel": "HARMONIE-AROME",
        "oceanBasins": [
          "North-East Atlantic"
        ],
        "typeOfSystem": "Circulation",
        "applications": [
          "Coastal Hazards",
          "Oil spill fight"
        ],
        "variablesUsed": [
          "Wind"
        ],
        "essentialOceanVariables": []
      }
    },
    {
      "type": "Feature",
      "geometry": {
        "type": "Polygon",
        "coordinates": [
          [
            [
              -2.418594,
              36.8538
            ],
            [
              -2.418594,
              36.7701
            ],
            [
              -2.528957,
              36.7701
            ],
            [
              -2.528957,
              36.8538
            ],
            [
              -2.418594,
              36.8538
            ]
          ]
        ]
      },
      "properties": {
        "title": "SAMOA PRT-ALM (Puerto Almer\u00eda)",
        "dataPolicy": "All generated data is freely available",
        "organization": [
          "Puertos del Estado"
        ],
        "otherLinks": "",
        "numericalModel": "ROMS - The Regional Ocean Modeling System",
        "atmosphericModel": null,
        "oceanBasins": [
          "Mediterranean and Black Seas"
        ],
        "typeOfSystem": "Circulation",
        "applications": [
          "Port Management"
        ],
        "variablesUsed": [],
        "essentialOceanVariables": []
      }
    },
    {
      "type": "Feature",
      "geometry": {
        "type": "Polygon",
        "coordinates": [
          [
            [
              2.0,
              38.0
            ],
            [
              2.0,
              44.5
            ],
            [
              12.0,
              44.5
            ],
            [
              12.0,
              38.0
            ],
            [
              2.0,
              38.0
            ]
          ]
        ]
      },
      "properties": {
        "title": "HYCOM-MED",
        "dataPolicy": "All or part of the data is available under some type of license that implies a cost or specific agreement",
        "organization": [
          "Service hydrographique et Oc\u00e9anographique de la Marine / French Hydrographic and Oceanograhic Service"
        ],
        "otherLinks": "",
        "numericalModel": "HYCOM-MED",
        "atmosphericModel": "ARPEGE EURAT01",
        "oceanBasins": [
          "Mediterranean and Black Seas"
        ],
        "typeOfSystem": "Circulation",
        "applications": [
          "Navigation support",
          "Recreational navigation",
          "Ship-routing"
        ],
        "variablesUsed": [],
        "essentialOceanVariables": []
      }
    },
    {
      "type": "Feature",
      "geometry": {
        "type": "Polygon",
        "coordinates": [
          [
            [
              -34.0,
              20.0
            ],
            [
              -34.0,
              48.0
            ],
            [
              36.09,
              48.0
            ],
            [
              36.09,
              20.0
            ],
            [
              -34.0,
              20.0
            ]
          ]
        ]
      },
      "properties": {
        "title": "NIVMAR",
        "dataPolicy": "All generated data is freely available",
        "organization": [
          "Puertos del Estado"
        ],
        "otherLinks": "",
        "numericalModel": "HAMSOM",
        "atmosphericModel": "ECMWF 1/8\u00ba",
        "oceanBasins": [
          "Mediterranean and Black Seas",
          "North-East Atlantic"
        ],
        "typeOfSystem": "Sea level (storm surge)",
        "applications": [
          "Coastal Hazards",
          "Port Management"
        ],
        "variablesUsed": [
          "Atmospheric pressure",
          "Wind"
        ],
        "essentialOceanVariables": [
          "Sea surface height (sea level)"
        ]
      }
    },
    {
      "type": "Feature",
      "geometry": {
        "type": "Polygon",
        "coordinates": [
          [
            [
              -15.29671,
              27.93464
            ],
            [
              -15.29671,
              27.80297
            ],
            [
              -15.45324,
              27.80297
            ],
            [
              -15.45324,
              27.93464
            ],
            [
              -15.29671,
              27.93464
            ]
          ]
        ]
      },
      "properties": {
        "title": "SAMOA PRT-ARI (Puerto Arinaga)",
        "dataPolicy": "All generated data is freely available",
        "organization": [
          "Puertos del Estado"
        ],
        "otherLinks": "",
        "numericalModel": "ROMS - The Regional Ocean Modeling System",
        "atmosphericModel": null,
        "oceanBasins": [
          "North-East Atlantic"
        ],
        "typeOfSystem": "Circulation",
        "applications": [
          "Port Management"
        ],
        "variablesUsed": [],
        "essentialOceanVariables": []
      }
    },
    {
      "type": "Feature",
      "geometry": {
        "type": "Polygon",
        "coordinates": [
          [
            [
              -13.48113,
              29.01965
            ],
            [
              -13.48113,
              28.92249
            ],
            [
              -13.58877,
              28.92249
            ],
            [
              -13.58877,
              29.01965
            ],
            [
              -13.48113,
              29.01965
            ]
          ]
        ]
      },
      "properties": {
        "title": "SAMOA PRT-ARR (Puerto Arrecife)",
        "dataPolicy": "All generated data is freely available",
        "organization": [
          "Puertos del Estado"
        ],
        "otherLinks": "",
        "numericalModel": "ROMS - The Regional Ocean Modeling System",
        "atmosphericModel": null,
        "oceanBasins": [
          "North-East Atlantic"
        ],
        "typeOfSystem": "Circulation",
        "applications": [
          "Port Management"
        ],
        "variablesUsed": [],
        "essentialOceanVariables": []
      }
    },
    {
      "type": "Feature",
      "geometry": {
        "type": "Polygon",
        "coordinates": [
          [
            [
              -5.906131,
              43.62213
            ],
            [
              -5.906131,
              43.55145
            ],
            [
              -6.019303,
              43.55145
            ],
            [
              -6.019303,
              43.62213
            ],
            [
              -5.906131,
              43.62213
            ]
          ]
        ]
      },
      "properties": {
        "title": "SAMOA PRT-AVI (Puerto Avil\u00e9s)",
        "dataPolicy": "All generated data is freely available",
        "organization": [
          "Puertos del Estado"
        ],
        "otherLinks": "",
        "numericalModel": "ROMS - The Regional Ocean Modeling System",
        "atmosphericModel": null,
        "oceanBasins": [
          "North-East Atlantic"
        ],
        "typeOfSystem": "Circulation",
        "applications": [
          "Port Management"
        ],
        "variablesUsed": [],
        "essentialOceanVariables": []
      }
    },
    {
      "type": "Feature",
      "geometry": {
        "type": "Polygon",
        "coordinates": [
          [
            [
              2.267757,
              41.40705
            ],
            [
              2.267757,
              41.25272
            ],
            [
              2.100639,
              41.25272
            ],
            [
              2.100639,
              41.40705
            ],
            [
              2.267757,
              41.40705
            ]
          ]
        ]
      },
      "properties": {
        "title": "SAMOA PRT-BCN (Puerto Barcelona)",
        "dataPolicy": "All generated data is freely available",
        "organization": [
          "Puertos del Estado"
        ],
        "otherLinks": "",
        "numericalModel": "ROMS - The Regional Ocean Modeling System",
        "atmosphericModel": null,
        "oceanBasins": [
          "Mediterranean and Black Seas"
        ],
        "typeOfSystem": "Circulation",
        "applications": [
          "Port Management"
        ],
        "variablesUsed": [],
        "essentialOceanVariables": []
      }
    },
    {
      "type": "Feature",
      "geometry": {
        "type": "Polygon",
        "coordinates": [
          [
            [
              -0.9264024,
              37.60994
            ],
            [
              -0.9264024,
              37.5033
            ],
            [
              -1.134529,
              37.5033
            ],
            [
              -1.134529,
              37.60994
            ],
            [
              -0.9264024,
              37.60994
            ]
          ]
        ]
      },
      "properties": {
        "title": "SAMOA PRT-CAR (Puerto Cartagena)",
        "dataPolicy": "All generated data is freely available",
        "organization": [
          "Puertos del Estado"
        ],
        "otherLinks": "",
        "numericalModel": "ROMS - The Regional Ocean Modeling System",
        "atmosphericModel": null,
        "oceanBasins": [
          "Mediterranean and Black Seas"
        ],
        "typeOfSystem": "Circulation",
        "applications": [
          "Port Management"
        ],
        "variablesUsed": [],
        "essentialOceanVariables": []
      }
    },
    {
      "type": "Feature",
      "geometry": {
        "type": "Polygon",
        "coordinates": [
          [
            [
              0.1029915,
              40.00316
            ],
            [
              0.1029915,
              39.88756
            ],
            [
              -0.03745134,
              39.88756
            ],
            [
              -0.03745134,
              40.00316
            ],
            [
              0.1029915,
              40.00316
            ]
          ]
        ]
      },
      "properties": {
        "title": "SAMOA PRT-CAS (Puerto Castell\u00f3n)",
        "dataPolicy": "All generated data is freely available",
        "organization": [
          "Puertos del Estado"
        ],
        "otherLinks": "",
        "numericalModel": "ROMS - The Regional Ocean Modeling System",
        "atmosphericModel": null,
        "oceanBasins": [
          "Mediterranean and Black Seas"
        ],
        "typeOfSystem": "Circulation",
        "applications": [
          "Port Management"
        ],
        "variablesUsed": [],
        "essentialOceanVariables": []
      }
    },
    {
      "type": "Feature",
      "geometry": {
        "type": "Polygon",
        "coordinates": [
          [
            [
              -5.260728,
              35.92157
            ],
            [
              -5.260728,
              35.86256
            ],
            [
              -5.344173,
              35.86256
            ],
            [
              -5.344173,
              35.92157
            ],
            [
              -5.260728,
              35.92157
            ]
          ]
        ]
      },
      "properties": {
        "title": "SAMOA PRT-CEU (Puerto Ceuta)",
        "dataPolicy": "All generated data is freely available",
        "organization": [
          "Puertos del Estado"
        ],
        "otherLinks": "",
        "numericalModel": "ROMS - The Regional Ocean Modeling System",
        "atmosphericModel": null,
        "oceanBasins": [
          "Mediterranean and Black Seas"
        ],
        "typeOfSystem": "Circulation",
        "applications": [
          "Port Management"
        ],
        "variablesUsed": [],
        "essentialOceanVariables": []
      }
    },
    {
      "type": "Feature",
      "geometry": {
        "type": "Polygon",
        "coordinates": [
          [
            [
              -1.831968,
              37.02063
            ],
            [
              -1.831968,
              36.9029
            ],
            [
              -1.940551,
              36.9029
            ],
            [
              -1.940551,
              37.02063
            ],
            [
              -1.831968,
              37.02063
            ]
          ]
        ]
      },
      "properties": {
        "title": "SAMOA PRT-CRB (Puerto Carboneras)",
        "dataPolicy": "All generated data is freely available",
        "organization": [
          "Puertos del Estado"
        ],
        "otherLinks": "",
        "numericalModel": "ROMS - The Regional Ocean Modeling System",
        "atmosphericModel": null,
        "oceanBasins": [
          "Mediterranean and Black Seas"
        ],
        "typeOfSystem": "Circulation",
        "applications": [
          "Port Management"
        ],
        "variablesUsed": [],
        "essentialOceanVariables": []
      }
    },
    {
      "type": "Feature",
      "geometry": {
        "type": "Polygon",
        "coordinates": [
          [
            [
              -8.173079,
              43.49109
            ],
            [
              -8.173079,
              43.43623
            ],
            [
              -8.337658,
              43.43623
            ],
            [
              -8.337658,
              43.49109
            ],
            [
              -8.173079,
              43.49109
            ]
          ]
        ]
      },
      "properties": {
        "title": "SAMOA PRT-FER (Puerto Ferrol)",
        "dataPolicy": "All generated data is freely available",
        "organization": [
          "Puertos del Estado"
        ],
        "otherLinks": "",
        "numericalModel": "ROMS - The Regional Ocean Modeling System",
        "atmosphericModel": null,
        "oceanBasins": [
          "North-East Atlantic"
        ],
        "typeOfSystem": "Circulation",
        "applications": [
          "Port Management"
        ],
        "variablesUsed": [],
        "essentialOceanVariables": []
      }
    },
    {
      "type": "Feature",
      "geometry": {
        "type": "Polygon",
        "coordinates": [
          [
            [
              -15.38194,
              28.17092
            ],
            [
              -15.38194,
              28.08973
            ],
            [
              -15.43186,
              28.08973
            ],
            [
              -15.43186,
              28.17092
            ],
            [
              -15.38194,
              28.17092
            ]
          ]
        ]
      },
      "properties": {
        "title": "SAMOA PRT-GCN (Puerto Las Palmas)",
        "dataPolicy": "All generated data is freely available",
        "organization": [
          "Puertos del Estado"
        ],
        "otherLinks": "",
        "numericalModel": "ROMS - The Regional Ocean Modeling System",
        "atmosphericModel": null,
        "oceanBasins": [
          "North-East Atlantic"
        ],
        "typeOfSystem": "Circulation",
        "applications": [
          "Port Management"
        ],
        "variablesUsed": [],
        "essentialOceanVariables": []
      }
    },
    {
      "type": "Feature",
      "geometry": {
        "type": "Polygon",
        "coordinates": [
          [
            [
              -17.04842,
              28.12905
            ],
            [
              -17.04842,
              28.04826
            ],
            [
              -17.15281,
              28.04826
            ],
            [
              -17.15281,
              28.12905
            ],
            [
              -17.04842,
              28.12905
            ]
          ]
        ]
      },
      "properties": {
        "title": "SAMOA PRT-GMR (Puerto La Gomera)",
        "dataPolicy": "All generated data is freely available",
        "organization": [
          "Puertos del Estado"
        ],
        "otherLinks": "",
        "numericalModel": "ROMS - The Regional Ocean Modeling System",
        "atmosphericModel": null,
        "oceanBasins": [
          "North-East Atlantic"
        ],
        "typeOfSystem": "Circulation",
        "applications": [
          "Port Management"
        ],
        "variablesUsed": [],
        "essentialOceanVariables": []
      }
    },
    {
      "type": "Feature",
      "geometry": {
        "type": "Polygon",
        "coordinates": [
          [
            [
              -5.59718694,
              43.62843
            ],
            [
              -5.59718694,
              43.54199
            ],
            [
              -5.784326,
              43.54199
            ],
            [
              -5.784326,
              43.62843
            ],
            [
              -5.59718694,
              43.62843
            ]
          ]
        ]
      },
      "properties": {
        "title": "SAMOA PRT-GIJ (Puerto Gij\u00f3n)",
        "dataPolicy": "All generated data is freely available",
        "organization": [
          "Puertos del Estado"
        ],
        "otherLinks": "",
        "numericalModel": "ROMS - The Regional Ocean Modeling System",
        "atmosphericModel": null,
        "oceanBasins": [
          "North-East Atlantic"
        ],
        "typeOfSystem": "Circulation",
        "applications": [
          "Port Management"
        ],
        "variablesUsed": [],
        "essentialOceanVariables": []
      }
    },
    {
      "type": "Feature",
      "geometry": {
        "type": "Polygon",
        "coordinates": [
          [
            [
              -16.43909,
              28.11323
            ],
            [
              -16.43909,
              28.02325
            ],
            [
              -16.54194,
              28.02325
            ],
            [
              -16.54194,
              28.11323
            ],
            [
              -16.43909,
              28.11323
            ]
          ]
        ]
      },
      "properties": {
        "title": "SAMOA PRT-GRA (Puerto Granadilla)",
        "dataPolicy": "All generated data is freely available",
        "organization": [
          "Puertos del Estado"
        ],
        "otherLinks": "",
        "numericalModel": "ROMS - The Regional Ocean Modeling System",
        "atmosphericModel": null,
        "oceanBasins": [
          "North-East Atlantic"
        ],
        "typeOfSystem": "Circulation",
        "applications": [
          "Port Management"
        ],
        "variablesUsed": [],
        "essentialOceanVariables": []
      }
    },
    {
      "type": "Feature",
      "geometry": {
        "type": "Polygon",
        "coordinates": [
          [
            [
              -17.8694,
              27.80848
            ],
            [
              -17.8694,
              27.76208
            ],
            [
              -17.91354,
              27.76208
            ],
            [
              -17.91354,
              27.80848
            ],
            [
              -17.8694,
              27.80848
            ]
          ]
        ]
      },
      "properties": {
        "title": "SAMOA PRT-HIE (Puerto El Hierro)",
        "dataPolicy": "All generated data is freely available",
        "organization": [
          "Puertos del Estado"
        ],
        "otherLinks": "",
        "numericalModel": "ROMS - The Regional Ocean Modeling System",
        "atmosphericModel": null,
        "oceanBasins": [
          "North-East Atlantic"
        ],
        "typeOfSystem": "Circulation",
        "applications": [
          "Port Management"
        ],
        "variablesUsed": [],
        "essentialOceanVariables": []
      }
    },
    {
      "type": "Feature",
      "geometry": {
        "type": "Polygon",
        "coordinates": [
          [
            [
              -6.714486,
              37.30111
            ],
            [
              -6.714486,
              37.05293
            ],
            [
              -7.043099,
              37.05293
            ],
            [
              -7.043099,
              37.30111
            ],
            [
              -6.714486,
              37.30111
            ]
          ]
        ]
      },
      "properties": {
        "title": "SAMOA PRT-HUE (Puerto Huelva)",
        "dataPolicy": "All generated data is freely available",
        "organization": [
          "Puertos del Estado"
        ],
        "otherLinks": "",
        "numericalModel": "ROMS - The Regional Ocean Modeling System",
        "atmosphericModel": null,
        "oceanBasins": [
          "North-East Atlantic"
        ],
        "typeOfSystem": "Circulation",
        "applications": [
          "Port Management"
        ],
        "variablesUsed": [],
        "essentialOceanVariables": []
      }
    },
    {
      "type": "Feature",
      "geometry": {
        "type": "Polygon",
        "coordinates": [
          [
            [
              1.509582,
              38.93618
            ],
            [
              1.509582,
              38.86497
            ],
            [
              1.403064,
              38.86497
            ],
            [
              1.403064,
              38.93618
            ],
            [
              1.509582,
              38.93618
            ]
          ]
        ]
      },
      "properties": {
        "title": "SAMOA PRT-IBS (Puerto La Savina)",
        "dataPolicy": "All generated data is freely available",
        "organization": [
          "Puertos del Estado"
        ],
        "otherLinks": "",
        "numericalModel": "ROMS - The Regional Ocean Modeling System",
        "atmosphericModel": null,
        "oceanBasins": [
          "Mediterranean and Black Seas"
        ],
        "typeOfSystem": "Circulation",
        "applications": [
          "Port Management"
        ],
        "variablesUsed": [],
        "essentialOceanVariables": []
      }
    },
    {
      "type": "Feature",
      "geometry": {
        "type": "Polygon",
        "coordinates": [
          [
            [
              4.380232,
              39.92379
            ],
            [
              4.380232,
              39.83925
            ],
            [
              4.261085,
              39.83925
            ],
            [
              4.261085,
              39.92379
            ],
            [
              4.380232,
              39.92379
            ]
          ]
        ]
      },
      "properties": {
        "title": "SAMOA PRT-MAO (Puerto Mah\u00f3n)",
        "dataPolicy": "All generated data is freely available",
        "organization": [
          "Puertos del Estado"
        ],
        "otherLinks": "",
        "numericalModel": "ROMS - The Regional Ocean Modeling System",
        "atmosphericModel": null,
        "oceanBasins": [
          "Mediterranean and Black Seas"
        ],
        "typeOfSystem": "Circulation",
        "applications": [
          "Port Management"
        ],
        "variablesUsed": [],
        "essentialOceanVariables": []
      }
    },
    {
      "type": "Feature",
      "geometry": {
        "type": "Polygon",
        "coordinates": [
          [
            [
              -4.345304,
              36.73898
            ],
            [
              -4.345304,
              36.63748
            ],
            [
              -4.478822,
              36.63748
            ],
            [
              -4.478822,
              36.73898
            ],
            [
              -4.345304,
              36.73898
            ]
          ]
        ]
      },
      "properties": {
        "title": "SAMOA PRT-MLG (Puerto M\u00e1laga)",
        "dataPolicy": "All generated data is freely available",
        "organization": [
          "Puertos del Estado"
        ],
        "otherLinks": "",
        "numericalModel": "ROMS - The Regional Ocean Modeling System",
        "atmosphericModel": null,
        "oceanBasins": [
          "Mediterranean and Black Seas"
        ],
        "typeOfSystem": "Circulation",
        "applications": [
          "Port Management"
        ],
        "variablesUsed": [],
        "essentialOceanVariables": []
      }
    },
    {
      "type": "Feature",
      "geometry": {
        "type": "Polygon",
        "coordinates": [
          [
            [
              -8.671434,
              42.43964
            ],
            [
              -8.671434,
              42.3816
            ],
            [
              -8.722684,
              42.3816
            ],
            [
              -8.722684,
              42.43964
            ],
            [
              -8.671434,
              42.43964
            ]
          ]
        ]
      },
      "properties": {
        "title": "SAMOA PRT-MRN (Puerto Marin)",
        "dataPolicy": "All generated data is freely available",
        "organization": [
          "Puertos del Estado"
        ],
        "otherLinks": "",
        "numericalModel": "ROMS - The Regional Ocean Modeling System",
        "atmosphericModel": null,
        "oceanBasins": [
          "North-East Atlantic"
        ],
        "typeOfSystem": "Circulation",
        "applications": [
          "Port Management"
        ],
        "variablesUsed": [],
        "essentialOceanVariables": []
      }
    },
    {
      "type": "Feature",
      "geometry": {
        "type": "Polygon",
        "coordinates": [
          [
            [
              -17.72811,
              28.7337
            ],
            [
              -17.72811,
              28.63969
            ],
            [
              -17.77268,
              28.63969
            ],
            [
              -17.77268,
              28.7337
            ],
            [
              -17.72811,
              28.7337
            ]
          ]
        ]
      },
      "properties": {
        "title": "SAMOA PRT-PAL (Puerto S. C. de la Palma)",
        "dataPolicy": "All generated data is freely available",
        "organization": [
          "Puertos del Estado"
        ],
        "otherLinks": "",
        "numericalModel": "ROMS - The Regional Ocean Modeling System",
        "atmosphericModel": null,
        "oceanBasins": [
          "North-East Atlantic"
        ],
        "typeOfSystem": "Circulation",
        "applications": [
          "Port Management"
        ],
        "variablesUsed": [],
        "essentialOceanVariables": []
      }
    },
    {
      "type": "Feature",
      "geometry": {
        "type": "Polygon",
        "coordinates": [
          [
            [
              2.807647,
              39.58906
            ],
            [
              2.807647,
              39.42659
            ],
            [
              2.580005,
              39.42659
            ],
            [
              2.580005,
              39.58906
            ],
            [
              2.807647,
              39.58906
            ]
          ]
        ]
      },
      "properties": {
        "title": "SAMOA PRT-PAM (Puerto Palma de Mallorca)",
        "dataPolicy": "All generated data is freely available",
        "organization": [
          "Puertos del Estado"
        ],
        "otherLinks": "",
        "numericalModel": "ROMS - The Regional Ocean Modeling System",
        "atmosphericModel": null,
        "oceanBasins": [
          "Mediterranean and Black Seas"
        ],
        "typeOfSystem": "Circulation",
        "applications": [
          "Port Management"
        ],
        "variablesUsed": [],
        "essentialOceanVariables": []
      }
    },
    {
      "type": "Feature",
      "geometry": {
        "type": "Polygon",
        "coordinates": [
          [
            [
              -1.869071,
              43.40786
            ],
            [
              -1.869071,
              43.30788
            ],
            [
              -1.987545,
              43.30788
            ],
            [
              -1.987545,
              43.40786
            ],
            [
              -1.869071,
              43.40786
            ]
          ]
        ]
      },
      "properties": {
        "title": "SAMOA PRT-PAS (Puerto Pasajes)",
        "dataPolicy": "All generated data is freely available",
        "organization": [
          "Puertos del Estado"
        ],
        "otherLinks": "",
        "numericalModel": "ROMS - The Regional Ocean Modeling System",
        "atmosphericModel": null,
        "oceanBasins": [
          "North-East Atlantic"
        ],
        "typeOfSystem": "Circulation",
        "applications": [
          "Port Management"
        ],
        "variablesUsed": [],
        "essentialOceanVariables": []
      }
    },
    {
      "type": "Feature",
      "geometry": {
        "type": "Polygon",
        "coordinates": [
          [
            [
              -13.78676,
              28.53062
            ],
            [
              -13.78676,
              28.44232
            ],
            [
              -13.87993,
              28.44232
            ],
            [
              -13.87993,
              28.53062
            ],
            [
              -13.78676,
              28.53062
            ]
          ]
        ]
      },
      "properties": {
        "title": "SAMOA PRT-ROS (Puerto Rosario)",
        "dataPolicy": "All generated data is freely available",
        "organization": [
          "Puertos del Estado"
        ],
        "otherLinks": "",
        "numericalModel": "ROMS - The Regional Ocean Modeling System",
        "atmosphericModel": null,
        "oceanBasins": [
          "North-East Atlantic"
        ],
        "typeOfSystem": "Circulation",
        "applications": [
          "Port Management"
        ],
        "variablesUsed": [],
        "essentialOceanVariables": []
      }
    },
    {
      "type": "Feature",
      "geometry": {
        "type": "Polygon",
        "coordinates": [
          [
            [
              -7.401069,
              43.76197
            ],
            [
              -7.401069,
              43.6895
            ],
            [
              -7.519399,
              43.6895
            ],
            [
              -7.519399,
              43.76197
            ],
            [
              -7.401069,
              43.76197
            ]
          ]
        ]
      },
      "properties": {
        "title": "SAMOA PRT-SCI (Puerto San Cibrao)",
        "dataPolicy": "All generated data is freely available",
        "organization": [
          "Puertos del Estado"
        ],
        "otherLinks": "",
        "numericalModel": "ROMS - The Regional Ocean Modeling System",
        "atmosphericModel": null,
        "oceanBasins": [
          "North-East Atlantic"
        ],
        "typeOfSystem": "Circulation",
        "applications": [
          "Port Management"
        ],
        "variablesUsed": [],
        "essentialOceanVariables": []
      }
    },
    {
      "type": "Feature",
      "geometry": {
        "type": "Polygon",
        "coordinates": [
          [
            [
              1.298141,
              41.1245
            ],
            [
              1.298141,
              41.01178
            ],
            [
              1.175171,
              41.01178
            ],
            [
              1.175171,
              41.1245
            ],
            [
              1.298141,
              41.1245
            ]
          ]
        ]
      },
      "properties": {
        "title": "SAMOA PRT-TAR (Puerto Tarragona)",
        "dataPolicy": "All generated data is freely available",
        "organization": [
          "Puertos del Estado"
        ],
        "otherLinks": "",
        "numericalModel": "ROMS - The Regional Ocean Modeling System",
        "atmosphericModel": null,
        "oceanBasins": [
          "Mediterranean and Black Seas"
        ],
        "typeOfSystem": "Circulation",
        "applications": [
          "Port Management"
        ],
        "variablesUsed": [],
        "essentialOceanVariables": []
      }
    },
    {
      "type": "Feature",
      "geometry": {
        "type": "Polygon",
        "coordinates": [
          [
            [
              -16.18159,
              28.51214
            ],
            [
              -16.18159,
              28.4221
            ],
            [
              -16.29913,
              28.4221
            ],
            [
              -16.29913,
              28.51214
            ],
            [
              -16.18159,
              28.51214
            ]
          ]
        ]
      },
      "properties": {
        "title": "SAMOA PRT-TEN (Puerto Tenerife)",
        "dataPolicy": "All generated data is freely available",
        "organization": [
          "Puertos del Estado"
        ],
        "otherLinks": "",
        "numericalModel": "ROMS - The Regional Ocean Modeling System",
        "atmosphericModel": null,
        "oceanBasins": [
          "North-East Atlantic"
        ],
        "typeOfSystem": "Circulation",
        "applications": [
          "Port Management"
        ],
        "variablesUsed": [],
        "essentialOceanVariables": []
      }
    },
    {
      "type": "Feature",
      "geometry": {
        "type": "Polygon",
        "coordinates": [
          [
            [
              -3.005225,
              43.42253
            ],
            [
              -3.005225,
              43.32239
            ],
            [
              -3.122521,
              43.32239
            ],
            [
              -3.122521,
              43.42253
            ],
            [
              -3.005225,
              43.42253
            ]
          ]
        ]
      },
      "properties": {
        "title": "SAMOA PRT-BIL (Puerto Bilbao)",
        "dataPolicy": "All generated data is freely available",
        "organization": [
          "Puertos del Estado"
        ],
        "otherLinks": "",
        "numericalModel": "ROMS - The Regional Ocean Modeling System",
        "atmosphericModel": null,
        "oceanBasins": [
          "North-East Atlantic"
        ],
        "typeOfSystem": "Circulation",
        "applications": [
          "Port Management"
        ],
        "variablesUsed": [],
        "essentialOceanVariables": []
      }
    },
    {
      "type": "Feature",
      "geometry": {
        "type": "Polygon",
        "coordinates": [
          [
            [
              -8.702721,
              42.28471
            ],
            [
              -8.702721,
              42.21972
            ],
            [
              -8.775137,
              42.21972
            ],
            [
              -8.775137,
              42.28471
            ],
            [
              -8.702721,
              42.28471
            ]
          ]
        ]
      },
      "properties": {
        "title": "SAMOA PRT-VIG (Puerto Vigo)",
        "dataPolicy": "All generated data is freely available",
        "organization": [
          "Puertos del Estado"
        ],
        "otherLinks": "",
        "numericalModel": "ROMS - The Regional Ocean Modeling System",
        "atmosphericModel": null,
        "oceanBasins": [
          "North-East Atlantic"
        ],
        "typeOfSystem": "Circulation",
        "applications": [
          "Port Management"
        ],
        "variablesUsed": [],
        "essentialOceanVariables": []
      }
    },
    {
      "type": "Feature",
      "geometry": {
        "type": "Polygon",
        "coordinates": [
          [
            [
              -8.754268,
              42.68886
            ],
            [
              -8.754268,
              42.56772
            ],
            [
              -8.863069,
              42.56772
            ],
            [
              -8.863069,
              42.68886
            ],
            [
              -8.754268,
              42.68886
            ]
          ]
        ]
      },
      "properties": {
        "title": "SAMOA PRT-VIL (Puerto Vilagarc\u00eda)",
        "dataPolicy": "All generated data is freely available",
        "organization": [
          "Puertos del Estado"
        ],
        "otherLinks": "",
        "numericalModel": "ROMS - The Regional Ocean Modeling System",
        "atmosphericModel": null,
        "oceanBasins": [
          "North-East Atlantic"
        ],
        "typeOfSystem": "Circulation",
        "applications": [
          "Port Management"
        ],
        "variablesUsed": [],
        "essentialOceanVariables": []
      }
    },
    {
      "type": "Feature",
      "geometry": {
        "type": "Polygon",
        "coordinates": [
          [
            [
              -36.39,
              24.55
            ],
            [
              -36.39,
              46.46998
            ],
            [
              8.250259,
              46.46998
            ],
            [
              8.250259,
              24.55
            ],
            [
              -36.39,
              24.55
            ]
          ]
        ]
      },
      "properties": {
        "title": "Lusitania",
        "dataPolicy": "All generated data is freely available",
        "organization": [
          "+ATLANTIC CoLAB"
        ],
        "otherLinks": "https://github.com/Mohid-Water-Modelling-System",
        "numericalModel": "MOHID - MOdelo HIDrodin\u00e2mico",
        "atmosphericModel": "GFS",
        "oceanBasins": [
          "North-East Atlantic",
          "Mediterranean and Black Seas"
        ],
        "typeOfSystem": "Circulation",
        "applications": [
          "Aquaculture",
          "Climate prediction",
          "Enviromental management",
          "Coastal Hazards",
          "Oil spill fight",
          "Port Management",
          "Research",
          "Search and rescue"
        ],
        "variablesUsed": [
          "Atmospheric pressure",
          "Wind",
          "Variables to compute bulk heat flow formulation"
        ],
        "essentialOceanVariables": [
          "Currents",
          "Salinity",
          "Sea surface height (sea level)",
          "Temperature"
        ]
      }
    },
    {
      "type": "Feature",
      "geometry": {
        "type": "Polygon",
        "coordinates": [
          [
            [
              -7.0,
              42.3
            ],
            [
              -7.0,
              52.9
            ],
            [
              4.7,
              52.9
            ],
            [
              4.7,
              42.3
            ],
            [
              -7.0,
              42.3
            ]
          ]
        ]
      },
      "properties": {
        "title": "WW3 NORGAS-UG",
        "dataPolicy": "All generated data is freely available",
        "organization": [
          "Service hydrographique et Oc\u00e9anographique de la Marine / French Hydrographic and Oceanograhic Service"
        ],
        "otherLinks": "",
        "numericalModel": "Wavewatch III - Wave Watch",
        "atmosphericModel": "ARPEGE EURAT01",
        "oceanBasins": [
          "North-East Atlantic"
        ],
        "typeOfSystem": "Waves",
        "applications": [
          "Coastal Hazards"
        ],
        "variablesUsed": [
          "Wind"
        ],
        "essentialOceanVariables": []
      }
    },
    {
      "type": "Feature",
      "geometry": {
        "type": "Polygon",
        "coordinates": [
          [
            [
              1.97222,
              38.8333
            ],
            [
              1.97222,
              40.111103
            ],
            [
              3.69443,
              40.111103
            ],
            [
              3.69443,
              38.8333
            ],
            [
              1.97222,
              38.8333
            ]
          ]
        ]
      },
      "properties": {
        "title": "SAPO Mallorca Island",
        "dataPolicy": "All generated data is freely available",
        "organization": [
          "Balearic Islands Coastal Observing and Forecasting System",
          "Puertos del Estado"
        ],
        "otherLinks": "",
        "numericalModel": "SWAN - Simulating WAves Nearshore",
        "atmosphericModel": "HARMONIE-AROME",
        "oceanBasins": [
          "Mediterranean and Black Seas"
        ],
        "typeOfSystem": "Waves",
        "applications": [
          "Climate prediction",
          "Coastal Hazards",
          "Recreational navigation",
          "Research",
          "Tourism"
        ],
        "variablesUsed": [
          "Wind"
        ],
        "essentialOceanVariables": []
      }
    },
    {
      "type": "Feature",
      "geometry": {
        "type": "Polygon",
        "coordinates": [
          [
            [
              3.61111,
              39.62499
            ],
            [
              3.61111,
              40.19444
            ],
            [
              4.4583197,
              40.19444
            ],
            [
              4.4583197,
              39.62499
            ],
            [
              3.61111,
              39.62499
            ]
          ]
        ]
      },
      "properties": {
        "title": "SAPO Menorca Island",
        "dataPolicy": "All generated data is freely available",
        "organization": [
          "Balearic Islands Coastal Observing and Forecasting System",
          "Puertos del Estado"
        ],
        "otherLinks": "",
        "numericalModel": "SWAN - Simulating WAves Nearshore",
        "atmosphericModel": "HARMONIE-AROME",
        "oceanBasins": [
          "Mediterranean and Black Seas"
        ],
        "typeOfSystem": "Waves",
        "applications": [
          "Coastal Hazards",
          "Recreational navigation",
          "Research",
          "Tourism"
        ],
        "variablesUsed": [
          "Wind"
        ],
        "essentialOceanVariables": []
      }
    },
    {
      "type": "Feature",
      "geometry": {
        "type": "Polygon",
        "coordinates": [
          [
            [
              0.97221,
              38.4861
            ],
            [
              0.97221,
              39.3055
            ],
            [
              1.8194399,
              39.3055
            ],
            [
              1.8194399,
              38.4861
            ],
            [
              0.97221,
              38.4861
            ]
          ]
        ]
      },
      "properties": {
        "title": "SAPO Pitiuses Islands",
        "dataPolicy": "All generated data is freely available",
        "organization": [
          "Balearic Islands Coastal Observing and Forecasting System",
          "Puertos del Estado"
        ],
        "otherLinks": "",
        "numericalModel": "SWAN - Simulating WAves Nearshore",
        "atmosphericModel": "HARMONIE-AROME",
        "oceanBasins": [
          "Mediterranean and Black Seas"
        ],
        "typeOfSystem": "Waves",
        "applications": [
          "Coastal Hazards",
          "Recreational navigation",
          "Research",
          "Tourism"
        ],
        "variablesUsed": [
          "Wind"
        ],
        "essentialOceanVariables": []
      }
    },
    {
      "type": "Feature",
      "geometry": {
        "type": "Polygon",
        "coordinates": [
          [
            [
              161.0,
              -52.0
            ],
            [
              161.0,
              -31.0
            ],
            [
              185.0,
              -31.0
            ],
            [
              185.0,
              -52.0
            ],
            [
              161.0,
              -52.0
            ]
          ]
        ]
      },
      "properties": {
        "title": "Moana Ocean Forecast",
        "dataPolicy": "All generated data is freely available",
        "organization": [
          "Meteorological Service of New Zealand Ltd"
        ],
        "otherLinks": "https://github.com/metocean/moana-data-examples",
        "numericalModel": "ROMS - The Regional Ocean Modeling System",
        "atmosphericModel": "IFS",
        "oceanBasins": [
          "West Pacific and Marginal seas of East Asia"
        ],
        "typeOfSystem": "Circulation",
        "applications": [
          "Recreational navigation",
          "Research",
          "Search and rescue"
        ],
        "variablesUsed": [
          "Atmospheric pressure",
          "Variables to compute bulk heat flow formulation",
          "Wind"
        ],
        "essentialOceanVariables": []
      }
    },
    {
      "type": "Feature",
      "geometry": {
        "type": "Polygon",
        "coordinates": [
          [
            [
              -50.0,
              -29.5
            ],
            [
              -50.0,
              -24.0
            ],
            [
              -45.0,
              -24.0
            ],
            [
              -45.0,
              -29.5
            ],
            [
              -50.0,
              -29.5
            ]
          ]
        ]
      },
      "properties": {
        "title": "SC - PR Coast",
        "dataPolicy": "All generated data is freely available",
        "organization": [
          "Empresa de Pesquisa Agropecu\u00e1ria e Extens\u00e3o Rural de Santa Catarina"
        ],
        "otherLinks": "",
        "numericalModel": "MOHID - MOdelo HIDrodin\u00e2mico",
        "atmosphericModel": "GFS",
        "oceanBasins": [
          "South and central America"
        ],
        "typeOfSystem": "Circulation",
        "applications": [
          "Aquaculture",
          "Coupled weather forecasting",
          "Research"
        ],
        "variablesUsed": [
          "Atmospheric pressure",
          "Wind"
        ],
        "essentialOceanVariables": []
      }
    },
    {
      "type": "Feature",
      "geometry": {
        "type": "Polygon",
        "coordinates": [
          [
            [
              -48.4,
              -26.5
            ],
            [
              -48.4,
              -26.0
            ],
            [
              -48.9,
              -26.0
            ],
            [
              -48.9,
              -26.5
            ],
            [
              -48.4,
              -26.5
            ]
          ]
        ]
      },
      "properties": {
        "title": "Babitonga Bay",
        "dataPolicy": "All generated data is freely available",
        "organization": [
          "Empresa de Pesquisa Agropecu\u00e1ria e Extens\u00e3o Rural de Santa Catarina"
        ],
        "otherLinks": "",
        "numericalModel": "MOHID - MOdelo HIDrodin\u00e2mico",
        "atmosphericModel": "WRF",
        "oceanBasins": [
          "South and central America"
        ],
        "typeOfSystem": "Circulation",
        "applications": [
          "Aquaculture",
          "Navigation support",
          "Recreational navigation"
        ],
        "variablesUsed": [
          "Atmospheric pressure",
          "Heat flow",
          "Wind"
        ],
        "essentialOceanVariables": []
      }
    },
    {
      "type": "Feature",
      "geometry": {
        "type": "Polygon",
        "coordinates": [
          [
            [
              -32.26,
              36.24
            ],
            [
              -32.26,
              40.74
            ],
            [
              -24.1,
              40.74
            ],
            [
              -24.1,
              36.24
            ],
            [
              -32.26,
              36.24
            ]
          ]
        ]
      },
      "properties": {
        "title": "OPERA - Operational Oceanographic model for the Azores Region",
        "dataPolicy": "All generated data is freely available",
        "organization": [
          "+ATLANTIC CoLAB"
        ],
        "otherLinks": "https://github.com/Mohid-Water-Modelling-System",
        "numericalModel": "MOHID - MOdelo HIDrodin\u00e2mico",
        "atmosphericModel": "GFS",
        "oceanBasins": [
          "North-East Atlantic"
        ],
        "typeOfSystem": "Circulation",
        "applications": [
          "Enviromental management",
          "Fisheries",
          "Research",
          "Search and rescue"
        ],
        "variablesUsed": [
          "Atmospheric pressure",
          "Variables to compute bulk heat flow formulation",
          "Wind"
        ],
        "essentialOceanVariables": [
          "Currents",
          "Salinity",
          "Sea surface height (sea level)",
          "Temperature"
        ]
      }
    },
    {
      "type": "Feature",
      "geometry": {
        "type": "Polygon",
        "coordinates": [
          [
            [
              -12.6,
              34.38
            ],
            [
              -12.6,
              44.76
            ],
            [
              -5.1,
              44.76
            ],
            [
              -5.1,
              34.38
            ],
            [
              -12.6,
              34.38
            ]
          ]
        ]
      },
      "properties": {
        "title": "PCOMS - Portuguese Coast Operational Modelling System",
        "dataPolicy": "All generated data is freely available",
        "organization": [
          "+ATLANTIC CoLAB"
        ],
        "otherLinks": "https://github.com/Mohid-Water-Modelling-System",
        "numericalModel": "MOHID - MOdelo HIDrodin\u00e2mico",
        "atmosphericModel": "GFS",
        "oceanBasins": [
          "North-East Atlantic"
        ],
        "typeOfSystem": "Circulation",
        "applications": [
          "Climate prediction",
          "Enviromental management",
          "Coastal Hazards",
          "Oil spill fight",
          "Port Management",
          "Research",
          "Search and rescue"
        ],
        "variablesUsed": [
          "Atmospheric pressure",
          "Wind",
          "Variables to compute bulk heat flow formulation"
        ],
        "essentialOceanVariables": [
          "Currents",
          "Salinity",
          "Sea surface height (sea level)",
          "Temperature"
        ]
      }
    },
    {
      "type": "Feature",
      "geometry": {
        "type": "Polygon",
        "coordinates": [
          [
            [
              -21.02,
              29.42
            ],
            [
              -21.02,
              36.98
            ],
            [
              -13.82001,
              36.98
            ],
            [
              -13.82001,
              29.42
            ],
            [
              -21.02,
              29.42
            ]
          ]
        ]
      },
      "properties": {
        "title": "OPMadeira - Operational Model for the Madeira Arquipelago",
        "dataPolicy": "All generated data is freely available",
        "organization": [
          "+ATLANTIC CoLAB"
        ],
        "otherLinks": "https://github.com/Mohid-Water-Modelling-System",
        "numericalModel": "MOHID - MOdelo HIDrodin\u00e2mico",
        "atmosphericModel": "GFS",
        "oceanBasins": [
          "North-East Atlantic"
        ],
        "typeOfSystem": "Circulation",
        "applications": [
          "Aquaculture",
          "Enviromental management",
          "Coastal Hazards",
          "Oil spill fight",
          "Research"
        ],
        "variablesUsed": [
          "Atmospheric pressure",
          "Wind",
          "Variables to compute bulk heat flow formulation"
        ],
        "essentialOceanVariables": [
          "Currents",
          "Salinity",
          "Sea surface height (sea level)",
          "Temperature"
        ]
      }
    },
    {
      "type": "Feature",
      "geometry": {
        "type": "Polygon",
        "coordinates": [
          [
            [
              3.0,
              40.7
            ],
            [
              3.0,
              44.4
            ],
            [
              11.8,
              44.4
            ],
            [
              11.8,
              40.7
            ],
            [
              3.0,
              40.7
            ]
          ]
        ]
      },
      "properties": {
        "title": "WW3 NORMEDOC-UG",
        "dataPolicy": "All generated data is freely available",
        "organization": [
          "Service hydrographique et Oc\u00e9anographique de la Marine / French Hydrographic and Oceanograhic Service"
        ],
        "otherLinks": "",
        "numericalModel": "Wavewatch III - Wave Watch",
        "atmosphericModel": "ARPEGE EURAT01",
        "oceanBasins": [
          "Mediterranean and Black Seas"
        ],
        "typeOfSystem": "Waves",
        "applications": [
          "Coastal Hazards"
        ],
        "variablesUsed": [
          "Wind"
        ],
        "essentialOceanVariables": []
      }
    },
    {
      "type": "Feature",
      "geometry": {
        "type": "Polygon",
        "coordinates": [
          [
            [
              -64.0,
              4.1
            ],
            [
              -64.0,
              19.0
            ],
            [
              -50.2,
              19.0
            ],
            [
              -50.2,
              4.1
            ],
            [
              -64.0,
              4.1
            ]
          ]
        ]
      },
      "properties": {
        "title": "WW3  ANTGUY-UG",
        "dataPolicy": "All generated data is freely available",
        "organization": [
          "Service hydrographique et Oc\u00e9anographique de la Marine / French Hydrographic and Oceanograhic Service"
        ],
        "otherLinks": "",
        "numericalModel": "Wavewatch III - Wave Watch",
        "atmosphericModel": null,
        "oceanBasins": [
          "South and central America"
        ],
        "typeOfSystem": "Waves",
        "applications": [
          "Coastal Hazards"
        ],
        "variablesUsed": [
          "Wind"
        ],
        "essentialOceanVariables": []
      }
    },
    {
      "type": "Feature",
      "geometry": {
        "type": "Polygon",
        "coordinates": [
          [
            [
              42.7,
              -22.5
            ],
            [
              42.7,
              -10.8
            ],
            [
              59.0,
              -10.8
            ],
            [
              59.0,
              -22.5
            ],
            [
              42.7,
              -22.5
            ]
          ]
        ]
      },
      "properties": {
        "title": "WW3 INDIEN-UG",
        "dataPolicy": "All generated data is freely available",
        "organization": [
          "Service hydrographique et Oc\u00e9anographique de la Marine / French Hydrographic and Oceanograhic Service"
        ],
        "otherLinks": "",
        "numericalModel": "Wavewatch III - Wave Watch",
        "atmosphericModel": null,
        "oceanBasins": [
          "West Pacific and Marginal seas of East Asia"
        ],
        "typeOfSystem": "Waves",
        "applications": [
          "Coastal Hazards"
        ],
        "variablesUsed": [
          "Wind"
        ],
        "essentialOceanVariables": []
      }
    },
    {
      "type": "Feature",
      "geometry": {
        "type": "Polygon",
        "coordinates": [
          [
            [
              115.0,
              16.0
            ],
            [
              115.0,
              64.0
            ],
            [
              200.0,
              64.0
            ],
            [
              200.0,
              16.0
            ],
            [
              115.0,
              16.0
            ]
          ]
        ]
      },
      "properties": {
        "title": "FRA-ROMSIIv2",
        "dataPolicy": "All generated data is freely available",
        "organization": [
          "Japan Fisheries Research and Education Agency"
        ],
        "otherLinks": "",
        "numericalModel": "ROMS - The Regional Ocean Modeling System",
        "atmosphericModel": "GFS",
        "oceanBasins": [
          "West Pacific and Marginal seas of East Asia"
        ],
        "typeOfSystem": "Circulation",
        "applications": [
          "Aquaculture",
          "Fisheries",
          "Research"
        ],
        "variablesUsed": [
          "Atmospheric pressure",
          "Freshwater flow",
          "Variables to compute bulk heat flow formulation",
          "Wind"
        ],
        "essentialOceanVariables": [
          "Salinity",
          "Temperature"
        ]
      }
    },
    {
      "type": "Feature",
      "geometry": {
        "type": "Polygon",
        "coordinates": [
          [
            [
              -4.75,
              43.3
            ],
            [
              -4.75,
              43.65
            ],
            [
              -2.6,
              43.65
            ],
            [
              -2.6,
              43.3
            ],
            [
              -4.75,
              43.3
            ]
          ]
        ]
      },
      "properties": {
        "title": "[CANTABRIA-OCFS] Cantabria Operational Coastal Forecast System",
        "dataPolicy": "All generated data is freely available",
        "organization": [
          "Environmental Hydraulics Institute of the University of Cantabria"
        ],
        "otherLinks": "",
        "numericalModel": "ROMS - The Regional Ocean Modeling System",
        "atmosphericModel": "WRF",
        "oceanBasins": [
          "North-East Atlantic"
        ],
        "typeOfSystem": "Circulation",
        "applications": [
          "Plastic drift",
          "Navigation support",
          "Oil spill fight",
          "Search and rescue"
        ],
        "variablesUsed": [
          "Atmospheric pressure",
          "Wind"
        ],
        "essentialOceanVariables": []
      }
    },
    {
      "type": "Feature",
      "geometry": {
        "type": "Polygon",
        "coordinates": [
          [
            [
              -6.0,
              30.187
            ],
            [
              -6.0,
              45.937
            ],
            [
              36.25,
              45.937
            ],
            [
              36.25,
              30.187
            ],
            [
              -6.0,
              30.187
            ]
          ]
        ]
      },
      "properties": {
        "title": "MFS-HRESATM",
        "dataPolicy": "All generated data is freely available",
        "organization": [
          "Istituto Nazionale di Geofisica e Vulcanologia"
        ],
        "otherLinks": "",
        "numericalModel": "NEMO - Nucleus for European Modelling of the Ocean",
        "atmosphericModel": "COSMO",
        "oceanBasins": [
          "Mediterranean and Black Seas"
        ],
        "typeOfSystem": "Circulation",
        "applications": [
          "Research"
        ],
        "variablesUsed": [],
        "essentialOceanVariables": []
      }
    },
    {
      "type": "Feature",
      "geometry": {
        "type": "Polygon",
        "coordinates": [
          [
            [
              -75.0,
              -33.5
            ],
            [
              -75.0,
              -27.5
            ],
            [
              -70.8,
              -27.5
            ],
            [
              -70.8,
              -33.5
            ],
            [
              -75.0,
              -33.5
            ]
          ]
        ]
      },
      "properties": {
        "title": "Ceazamar forecasting system",
        "dataPolicy": "All generated data is freely available",
        "organization": [
          "Centro de Estudios Avanzados en Zonas \u00c1ridas"
        ],
        "otherLinks": "",
        "numericalModel": "CROCO - Coastal and Regional Ocean COmmunity Model",
        "atmosphericModel": "GFS",
        "oceanBasins": [
          "South and central America"
        ],
        "typeOfSystem": "Circulation",
        "applications": [
          "Aquaculture",
          "Enviromental management",
          "Coastal Hazards",
          "Fisheries"
        ],
        "variablesUsed": [
          "Atmospheric pressure",
          "Heat flow",
          "Wind"
        ],
        "essentialOceanVariables": []
      }
    },
    {
      "type": "Feature",
      "geometry": {
        "type": "Polygon",
        "coordinates": [
          [
            [
              20.43,
              54.88
            ],
            [
              20.43,
              56.23
            ],
            [
              21.42,
              56.23
            ],
            [
              21.42,
              54.88
            ],
            [
              20.43,
              54.88
            ]
          ]
        ]
      },
      "properties": {
        "title": "OPER-LIT",
        "dataPolicy": "The data is not available to third parties",
        "organization": [
          "Klaipeda University"
        ],
        "otherLinks": "",
        "numericalModel": "SHYFEM - System of HydrodYnamic Finite Element Modules",
        "atmosphericModel": "ECMWF 1/8\u00ba",
        "oceanBasins": [
          "North-East Atlantic"
        ],
        "typeOfSystem": "Circulation",
        "applications": [
          "Enviromental management",
          "Research"
        ],
        "variablesUsed": [
          "Atmospheric pressure",
          "Variables to compute bulk heat flow formulation",
          "Wind"
        ],
        "essentialOceanVariables": []
      }
    },
    {
      "type": "Feature",
      "geometry": {
        "type": "Polygon",
        "coordinates": [
          [
            [
              30.0,
              10.0
            ],
            [
              30.0,
              30.0
            ],
            [
              50.0,
              30.0
            ],
            [
              50.0,
              10.0
            ],
            [
              30.0,
              10.0
            ]
          ]
        ]
      },
      "properties": {
        "title": "High-resolution Red Sea Forecasting System for Waves",
        "dataPolicy": "The data is not available to third parties",
        "organization": [
          "King Abdullah University of Science and Technology (KAUST), Saudi Arabia"
        ],
        "otherLinks": "",
        "numericalModel": "Wavewatch III - Wave Watch",
        "atmosphericModel": null,
        "oceanBasins": [
          "Indian Seas",
          "African seas"
        ],
        "typeOfSystem": "Waves",
        "applications": [
          "Climate prediction",
          "Coastal Hazards",
          "Oil spill fight",
          "Research",
          "Search and rescue",
          "Ship-routing",
          "Tourism"
        ],
        "variablesUsed": [],
        "essentialOceanVariables": [
          "Currents",
          "Salinity",
          "Sea surface height (sea level)",
          "Temperature"
        ]
      }
    },
    {
      "type": "Feature",
      "geometry": {
        "type": "Polygon",
        "coordinates": [
          [
            [
              46.0,
              10.0
            ],
            [
              46.0,
              30.0
            ],
            [
              60.0,
              30.0
            ],
            [
              60.0,
              10.0
            ],
            [
              46.0,
              10.0
            ]
          ]
        ]
      },
      "properties": {
        "title": "High-resolution Arabian Gulf Forecasting System for Waves",
        "dataPolicy": "The data is not available to third parties",
        "organization": [
          "King Abdullah University of Science and Technology (KAUST), Saudi Arabia"
        ],
        "otherLinks": "",
        "numericalModel": "Wavewatch III - Wave Watch",
        "atmosphericModel": null,
        "oceanBasins": [
          "Indian Seas",
          "African seas"
        ],
        "typeOfSystem": "Waves",
        "applications": [
          "Climate prediction",
          "Coastal Hazards",
          "Oil spill fight",
          "Research",
          "Search and rescue",
          "Ship-routing",
          "Tourism"
        ],
        "variablesUsed": [],
        "essentialOceanVariables": [
          "Currents",
          "Salinity",
          "Sea surface height (sea level)",
          "Temperature"
        ]
      }
    },
    {
      "type": "Feature",
      "geometry": {
        "type": "Polygon",
        "coordinates": [
          [
            [
              90.0,
              -15.0
            ],
            [
              90.0,
              15.0
            ],
            [
              145.0,
              15.0
            ],
            [
              145.0,
              -15.0
            ],
            [
              90.0,
              -15.0
            ]
          ]
        ]
      },
      "properties": {
        "title": "BMKG-OFS",
        "dataPolicy": "All or part of the data is available under some type of license that implies a cost or specific agreement",
        "organization": [
          "The Indonesian Agency for Meteorology Climatology and Geophysics"
        ],
        "otherLinks": "",
        "numericalModel": "ROMS - The Regional Ocean Modeling System",
        "atmosphericModel": "IFS",
        "oceanBasins": [
          "West Pacific and Marginal seas of East Asia"
        ],
        "typeOfSystem": "Circulation",
        "applications": [
          "Coupled weather forecasting",
          "Disaster risk reduction",
          "Enviromental management",
          "Coastal Hazards",
          "Navigation support",
          "Offshore energy",
          "Oil spill fight",
          "Port Management",
          "Research",
          "Search and rescue",
          "Ship-routing",
          "Tourism"
        ],
        "variablesUsed": [
          "Atmospheric pressure",
          "Variables to compute bulk heat flow formulation",
          "Wind"
        ],
        "essentialOceanVariables": []
      }
    },
    {
      "type": "Feature",
      "geometry": {
        "type": "Polygon",
        "coordinates": [
          [
            [
              -65.0,
              -40.0
            ],
            [
              -65.0,
              -20.0
            ],
            [
              -35.0,
              -20.0
            ],
            [
              -35.0,
              -40.0
            ],
            [
              -65.0,
              -40.0
            ]
          ]
        ]
      },
      "properties": {
        "title": "SERVI\u00c7O INTEGRADO DE PROTE\u00c7\u00c3O \u00c0 LINHA DE COSTA DO RIO GRANDE DO SUL (Pr\u00f3CostaRS)",
        "dataPolicy": "All generated data is freely available",
        "organization": [
          "Federal University of Bahia"
        ],
        "otherLinks": "",
        "numericalModel": "ROMS - The Regional Ocean Modeling System",
        "atmosphericModel": "ECMWF EPS",
        "oceanBasins": [
          "South and central America",
          "Antarctic"
        ],
        "typeOfSystem": "Circulation",
        "applications": [
          "Disaster risk reduction",
          "Coastal Hazards",
          "Research"
        ],
        "variablesUsed": [
          "Variables to compute bulk heat flow formulation",
          "Wind"
        ],
        "essentialOceanVariables": []
      }
    },
    {
      "type": "Feature",
      "geometry": {
        "type": "Polygon",
        "coordinates": [
          [
            [
              -71.9,
              47.0
            ],
            [
              -71.9,
              49.0
            ],
            [
              -67.0,
              49.0
            ],
            [
              -67.0,
              47.0
            ],
            [
              -71.9,
              47.0
            ]
          ]
        ]
      },
      "properties": {
        "title": "Port Ocean Prediction System - St. Lawrence Estuary: STLE500",
        "dataPolicy": "All generated data is freely available",
        "organization": [
          "Fisheries and Oceans Canada"
        ],
        "otherLinks": "",
        "numericalModel": "NEMO - Nucleus for European Modelling of the Ocean",
        "atmosphericModel": "HRDPS",
        "oceanBasins": [
          "North America"
        ],
        "typeOfSystem": "Circulation",
        "applications": [
          "Coastal Hazards",
          "Navigation support",
          "Oil spill fight",
          "Port Management",
          "Recreational navigation",
          "Search and rescue"
        ],
        "variablesUsed": [
          "Atmospheric pressure",
          "Freshwater flow",
          "Variables to compute bulk heat flow formulation",
          "Wind"
        ],
        "essentialOceanVariables": []
      }
    },
    {
      "type": "Feature",
      "geometry": {
        "type": "Polygon",
        "coordinates": [
          [
            [
              -68.0,
              44.27
            ],
            [
              -68.0,
              46.07
            ],
            [
              -63.0,
              46.07
            ],
            [
              -63.0,
              44.27
            ],
            [
              -68.0,
              44.27
            ]
          ]
        ]
      },
      "properties": {
        "title": "Port Ocean Prediction System - Saint John",
        "dataPolicy": "All generated data is freely available",
        "organization": [
          "Fisheries and Oceans Canada"
        ],
        "otherLinks": "",
        "numericalModel": "NEMO - Nucleus for European Modelling of the Ocean",
        "atmosphericModel": "HRDPS",
        "oceanBasins": [
          "North America"
        ],
        "typeOfSystem": "Circulation",
        "applications": [
          "Navigation support",
          "Oil spill fight",
          "Port Management",
          "Research",
          "Enviromental management"
        ],
        "variablesUsed": [
          "Atmospheric pressure",
          "Freshwater flow",
          "Heat flow",
          "Variables to compute bulk heat flow formulation",
          "Wind"
        ],
        "essentialOceanVariables": []
      }
    },
    {
      "type": "Feature",
      "geometry": {
        "type": "Polygon",
        "coordinates": [
          [
            [
              -73.3,
              46.7
            ],
            [
              -73.3,
              48.1
            ],
            [
              -69.0,
              48.1
            ],
            [
              -69.0,
              46.7
            ],
            [
              -73.3,
              46.7
            ]
          ]
        ]
      },
      "properties": {
        "title": "Port Ocean Prediction System - St. Lawrence Estuary: STLE200",
        "dataPolicy": "All generated data is freely available",
        "organization": [
          "Fisheries and Oceans Canada"
        ],
        "otherLinks": "",
        "numericalModel": "NEMO - Nucleus for European Modelling of the Ocean",
        "atmosphericModel": "HRDPS",
        "oceanBasins": [
          "North America"
        ],
        "typeOfSystem": "Circulation",
        "applications": [
          "Coastal Hazards",
          "Navigation support",
          "Oil spill fight",
          "Port Management",
          "Recreational navigation",
          "Search and rescue"
        ],
        "variablesUsed": [
          "Atmospheric pressure",
          "Freshwater flow",
          "Variables to compute bulk heat flow formulation",
          "Wind"
        ],
        "essentialOceanVariables": []
      }
    },
    {
      "type": "Feature",
      "geometry": {
        "type": "Polygon",
        "coordinates": [
          [
            [
              -50.0,
              -30.0
            ],
            [
              -50.0,
              -6.0
            ],
            [
              -30.0,
              -6.0
            ],
            [
              -30.0,
              -30.0
            ],
            [
              -50.0,
              -30.0
            ]
          ]
        ]
      },
      "properties": {
        "title": "LSE36",
        "dataPolicy": "All generated data is freely available",
        "organization": [
          "Federal University of Rio de Janeiro"
        ],
        "otherLinks": "",
        "numericalModel": "HYCOM",
        "atmosphericModel": "GFS",
        "oceanBasins": [
          "South and central America"
        ],
        "typeOfSystem": "Circulation",
        "applications": [
          "Research"
        ],
        "variablesUsed": [
          "Freshwater flow",
          "Heat flow",
          "Variables to compute bulk heat flow formulation",
          "Wind"
        ],
        "essentialOceanVariables": [
          "Sea surface height (sea level)",
          "Temperature"
        ]
      }
    }
  ]
}